{"logTime": "0928/143515", "level": "INFO", "message": "UserPrefStore loaded: error=NO_FILE (6)"}
{"logTime": "0928/143515", "level": "INFO", "message": "Preference changed: name=edge_vpn.available, new_value=true, source=unknown"}
{"logTime": "0928/143515", "level": "INFO", "message": "Preference changed: name=profile_network_context_service.http_cache_finch_experiment_groups, new_value=\"None None None None\", source=unknown"}
{"logTime": "0928/143515", "level": "INFO", "message": "Preference changed: name=enterprise_profile_guid, new_value=\"a1edda84-67ba-4832-9711-2a233d53f5e0\", source=unknown"}
{"logTime": "0928/143515", "level": "INFO", "message": "Preference changed: name=extensions.last_chrome_version, new_value=\"154.0.4258.37\", source=unknown"}
{"logTime": "0928/143515", "level": "INFO", "message": "Preference changed: name=gaia_cookie.periodic_report_time_2, new_value=\"13435079715759870\", source=unknown"}
{"logTime": "0928/143515", "level": "INFO", "message": "Preference changed: name=optimization_guide.previously_registered_optimization_types, new_value=[object], source=unknown"}
{"logTime": "0928/143515", "level": "INFO", "message": "Preference changed: name=user_experience_metrics.personalization_data_consent_enabled_last_known_value, new_value=false, source=unknown"}
{"logTime": "0928/143515", "level": "INFO", "message": "Preference changed: name=profile.background_password_check, new_value=[object], source=unknown"}
{"logTime": "0928/143515", "level": "INFO", "message": "Preference changed: name=extensions.chrome_url_overrides, new_value=[object], source=unknown"}
{"logTime": "0928/143515", "level": "INFO", "message": "Preference changed: name=browser.recent_theme_color_list, new_value=[object], source=unknown"}
{"logTime": "0928/143515", "level": "INFO", "message": "Preference changed: name=browser.mai_ds_default_theme_type, new_value=1, source=unknown"}
{"logTime": "0928/143515", "level": "INFO", "message": "Preference changed: name=browser.color_theme_user_on_first_check, new_value=false, source=unknown"}
{"logTime": "0928/143515", "level": "INFO", "message": "Preference changed: name=browser.has_used_default_theme, new_value=true, source=unknown"}
{"logTime": "0928/143515", "level": "INFO", "message": "Preference changed: name=omnibox.work_organization_name.name, new_value=\"\", source=unknown"}
{"logTime": "0928/143515", "level": "INFO", "message": "Preference changed: name=countryid_at_install, new_value=19800, source=unknown"}
{"logTime": "0928/143515", "level": "INFO", "message": "Preference changed: name=reset_prepopulated_engines, new_value=false, source=unknown"}
{"logTime": "0928/143515", "level": "INFO", "message": "Preference changed: name=sessions.session_data_status, new_value=1, source=unknown"}
{"logTime": "0928/143515", "level": "INFO", "message": "Preference changed: name=sessions.event_log, new_value=[object], source=unknown"}
{"logTime": "0928/143515", "level": "INFO", "message": "Preference changed: name=optimization_guide.previously_registered_optimization_types, new_value=[object], source=unknown"}
{"logTime": "0928/143515", "level": "INFO", "message": "Preference changed: name=optimization_guide.previously_registered_optimization_types, new_value=[object], source=unknown"}
{"logTime": "0928/143515", "level": "INFO", "message": "Preference changed: name=optimization_guide.previously_registered_optimization_types, new_value=[object], source=unknown"}
{"logTime": "0928/143515", "level": "INFO", "message": "Preference changed: name=custom_links.list, new_value=[object], source=unknown"}
{"logTime": "0928/143515", "level": "INFO", "message": "Preference changed: name=browser.edge_sidebar_visibility, new_value=[object], source=unknown"}
{"logTime": "0928/143515", "level": "INFO", "message": "Preference changed: name=browser.edge_sidebar_visibility, new_value=[object], source=unknown"}
{"logTime": "0928/143515", "level": "INFO", "message": "Preference changed: name=saved_tab_groups.did_enable_shared_tab_groups_in_last_session, new_value=false, source=unknown"}
{"logTime": "0928/143515", "level": "INFO", "message": "Preference changed: name=optimization_guide.previously_registered_optimization_types, new_value=[object], source=unknown"}
{"logTime": "0928/143515", "level": "INFO", "message": "Preference changed: name=spellcheck.dictionaries, new_value=[object], source=unknown"}
{"logTime": "0928/143515", "level": "INFO", "message": "Preference changed: name=spellcheck.dictionary, new_value=\"\", source=unknown"}
{"logTime": "0928/143515", "level": "INFO", "message": "Preference changed: name=sync.edge_account_type, new_value=0, source=unknown"}
{"logTime": "0928/143515", "level": "INFO", "message": "Preference changed: name=sync.encryption_bootstrap_token_per_account_migration_done, new_value=true, source=unknown"}
{"logTime": "0928/143515", "level": "INFO", "message": "Preference changed: name=optimization_guide.previously_registered_optimization_types, new_value=[object], source=unknown"}
{"logTime": "0928/143515", "level": "INFO", "message": "Preference changed: name=safety_hub.unused_site_permissions_revocation.migration_completed, new_value=true, source=unknown"}
{"logTime": "0928/143515", "level": "INFO", "message": "Preference changed: name=edge_pinning_campaign.precomputed_campaign_data, new_value=[object], source=unknown"}
{"logTime": "0928/143515", "level": "INFO", "message": "Preference changed: name=profile.created_by_version, new_value=\"154.0.4258.37\", source=unknown"}
{"logTime": "0928/143515", "level": "INFO", "message": "Preference changed: name=profile.creation_time, new_value=\"13435079715572060\", source=unknown"}
{"logTime": "0928/143515", "level": "INFO", "message": "Preference changed: name=profile.edge_profile_id, new_value=\"c4f3d2d8-4210-4218-8e20-bebab6413d55\", source=unknown"}
{"logTime": "0928/143515", "level": "INFO", "message": "Preference changed: name=family_safety.web_filtering_enabled, new_value=false, source=unknown"}
{"logTime": "0928/143515", "level": "INFO", "message": "Preference changed: name=family_safety.activity_reporting_enabled, new_value=false, source=unknown"}
{"logTime": "0928/143515", "level": "INFO", "message": "Preference changed: name=profile.network_pbs, new_value=[object], source=unknown"}
{"logTime": "0928/143515", "level": "INFO", "message": "Preference changed: name=privacy_sandbox.first_party_sets_data_access_allowed_initialized, new_value=true, source=unknown"}
{"logTime": "0928/143515", "level": "INFO", "message": "Preference changed: name=extensions.alerts.initialized, new_value=true, source=unknown"}
{"logTime": "0928/143515", "level": "INFO", "message": "Preference changed: name=extensions.pdf_upsell_triggered, new_value=false, source=unknown"}
{"logTime": "0928/143515", "level": "INFO", "message": "Preference changed: name=extensions.settings, new_value=[object], source=unknown"}
{"logTime": "0928/143515", "level": "INFO", "message": "Preference changed: name=extensions.settings, new_value=[object], source=unknown"}
{"logTime": "0928/143515", "level": "INFO", "message": "Preference changed: name=extensions.settings, new_value=[object], source=unknown"}
{"logTime": "0928/143515", "level": "INFO", "message": "Preference changed: name=extensions.settings, new_value=[object], source=unknown"}
{"logTime": "0928/143515", "level": "INFO", "message": "Preference changed: name=extensions.settings, new_value=[object], source=unknown"}
{"logTime": "0928/143515", "level": "INFO", "message": "Preference changed: name=extensions.settings, new_value=[object], source=unknown"}
{"logTime": "0928/143515", "level": "INFO", "message": "Preference changed: name=extensions.settings, new_value=[object], source=unknown"}
{"logTime": "0928/143515", "level": "INFO", "message": "Preference changed: name=extensions.settings, new_value=[object], source=unknown"}
{"logTime": "0928/143515", "level": "INFO", "message": "Preference changed: name=extensions.settings, new_value=[object], source=unknown"}
{"logTime": "0928/143515", "level": "INFO", "message": "Preference changed: name=extensions.settings, new_value=[object], source=unknown"}
{"logTime": "0928/143515", "level": "INFO", "message": "Preference changed: name=extensions.settings, new_value=[object], source=unknown"}
{"logTime": "0928/143515", "level": "INFO", "message": "Preference changed: name=extensions.settings, new_value=[object], source=unknown"}
{"logTime": "0928/143515", "level": "INFO", "message": "Preference changed: name=extensions.settings, new_value=[object], source=unknown"}
{"logTime": "0928/143515", "level": "INFO", "message": "Preference changed: name=extensions.settings, new_value=[object], source=unknown"}
{"logTime": "0928/143515", "level": "INFO", "message": "Preference changed: name=extensions.settings, new_value=[object], source=unknown"}
{"logTime": "0928/143515", "level": "INFO", "message": "Preference changed: name=extensions.settings, new_value=[object], source=unknown"}
{"logTime": "0928/143515", "level": "INFO", "message": "Preference changed: name=extensions.settings, new_value=[object], source=unknown"}
{"logTime": "0928/143515", "level": "INFO", "message": "Preference changed: name=extensions.settings, new_value=[object], source=unknown"}
{"logTime": "0928/143515", "level": "INFO", "message": "Preference changed: name=extensions.settings, new_value=[object], source=unknown"}
{"logTime": "0928/143515", "level": "INFO", "message": "Preference changed: name=extensions.settings, new_value=[object], source=unknown"}
{"logTime": "0928/143515", "level": "INFO", "message": "Preference changed: name=extensions.settings, new_value=[object], source=unknown"}
{"logTime": "0928/143515", "level": "INFO", "message": "Preference changed: name=extensions.settings, new_value=[object], source=unknown"}
{"logTime": "0928/143515", "level": "INFO", "message": "Preference changed: name=extensions.settings, new_value=[object], source=unknown"}
{"logTime": "0928/143515", "level": "INFO", "message": "Preference changed: name=extensions.settings, new_value=[object], source=unknown"}
{"logTime": "0928/143515", "level": "INFO", "message": "Preference changed: name=extensions.settings, new_value=[object], source=unknown"}
{"logTime": "0928/143515", "level": "INFO", "message": "Preference changed: name=extensions.settings, new_value=[object], source=unknown"}
{"logTime": "0928/143515", "level": "INFO", "message": "Preference changed: name=extensions.settings, new_value=[object], source=unknown"}
{"logTime": "0928/143515", "level": "INFO", "message": "Preference changed: name=extensions.settings, new_value=[object], source=unknown"}
{"logTime": "0928/143515", "level": "INFO", "message": "Preference changed: name=extensions.settings, new_value=[object], source=unknown"}
{"logTime": "0928/143515", "level": "INFO", "message": "Preference changed: name=extensions.settings, new_value=[object], source=unknown"}
{"logTime": "0928/143515", "level": "INFO", "message": "Preference changed: name=extensions.settings, new_value=[object], source=unknown"}
{"logTime": "0928/143515", "level": "INFO", "message": "Preference changed: name=extensions.settings, new_value=[object], source=unknown"}
{"logTime": "0928/143515", "level": "INFO", "message": "Preference changed: name=extensions.settings, new_value=[object], source=unknown"}
{"logTime": "0928/143515", "level": "INFO", "message": "Preference changed: name=extensions.settings, new_value=[object], source=unknown"}
{"logTime": "0928/143515", "level": "INFO", "message": "Preference changed: name=extensions.settings, new_value=[object], source=unknown"}
{"logTime": "0928/143515", "level": "INFO", "message": "Preference changed: name=extensions.settings, new_value=[object], source=unknown"}
{"logTime": "0928/143515", "level": "INFO", "message": "Preference changed: name=extensions.settings, new_value=[object], source=unknown"}
{"logTime": "0928/143515", "level": "INFO", "message": "Preference changed: name=extensions.settings, new_value=[object], source=unknown"}
{"logTime": "0928/143515", "level": "INFO", "message": "Preference changed: name=extensions.settings, new_value=[object], source=unknown"}
{"logTime": "0928/143515", "level": "INFO", "message": "Preference changed: name=extensions.settings, new_value=[object], source=unknown"}
{"logTime": "0928/143515", "level": "INFO", "message": "Preference changed: name=extensions.settings, new_value=[object], source=unknown"}
{"logTime": "0928/143515", "level": "INFO", "message": "Preference changed: name=extensions.settings, new_value=[object], source=unknown"}
{"logTime": "0928/143515", "level": "INFO", "message": "Preference changed: name=extensions.settings, new_value=[object], source=unknown"}
{"logTime": "0928/143515", "level": "INFO", "message": "Preference changed: name=extensions.settings, new_value=[object], source=unknown"}
{"logTime": "0928/143515", "level": "INFO", "message": "Preference changed: name=extensions.settings, new_value=[object], source=unknown"}
{"logTime": "0928/143515", "level": "INFO", "message": "Preference changed: name=extensions.settings, new_value=[object], source=unknown"}
{"logTime": "0928/143515", "level": "INFO", "message": "Preference changed: name=extensions.settings, new_value=[object], source=unknown"}
{"logTime": "0928/143515", "level": "INFO", "message": "Preference changed: name=extensions.settings, new_value=[object], source=unknown"}
{"logTime": "0928/143515", "level": "INFO", "message": "Preference changed: name=extensions.settings, new_value=[object], source=unknown"}
{"logTime": "0928/143515", "level": "INFO", "message": "Preference changed: name=extensions.settings, new_value=[object], source=unknown"}
{"logTime": "0928/143515", "level": "INFO", "message": "Preference changed: name=extensions.settings, new_value=[object], source=unknown"}
{"logTime": "0928/143515", "level": "INFO", "message": "Preference changed: name=extensions.settings, new_value=[object], source=unknown"}
{"logTime": "0928/143515", "level": "INFO", "message": "Preference changed: name=extensions.settings, new_value=[object], source=unknown"}
{"logTime": "0928/143515", "level": "INFO", "message": "Preference changed: name=extensions.settings, new_value=[object], source=unknown"}
{"logTime": "0928/143515", "level": "INFO", "message": "Preference changed: name=extensions.settings, new_value=[object], source=unknown"}
{"logTime": "0928/143515", "level": "INFO", "message": "Preference changed: name=extensions.settings, new_value=[object], source=unknown"}
{"logTime": "0928/143515", "level": "INFO", "message": "Preference changed: name=extensions.settings, new_value=[object], source=unknown"}
{"logTime": "0928/143515", "level": "INFO", "message": "Preference changed: name=extensions.settings, new_value=[object], source=unknown"}
{"logTime": "0928/143515", "level": "INFO", "message": "Preference changed: name=extensions.settings, new_value=[object], source=unknown"}
{"logTime": "0928/143515", "level": "INFO", "message": "Preference changed: name=extensions.settings, new_value=[object], source=unknown"}
{"logTime": "0928/143515", "level": "INFO", "message": "Preference changed: name=extensions.settings, new_value=[object], source=unknown"}
{"logTime": "0928/143515", "level": "INFO", "message": "Preference changed: name=extensions.settings, new_value=[object], source=unknown"}
{"logTime": "0928/143515", "level": "INFO", "message": "Preference changed: name=extensions.settings, new_value=[object], source=unknown"}
{"logTime": "0928/143515", "level": "INFO", "message": "Preference changed: name=extensions.settings, new_value=[object], source=unknown"}
{"logTime": "0928/143515", "level": "INFO", "message": "Preference changed: name=extensions.settings, new_value=[object], source=unknown"}
{"logTime": "0928/143515", "level": "INFO", "message": "Preference changed: name=extensions.settings, new_value=[object], source=unknown"}
{"logTime": "0928/143515", "level": "INFO", "message": "Preference changed: name=extensions.settings, new_value=[object], source=unknown"}
{"logTime": "0928/143515", "level": "INFO", "message": "Preference changed: name=extensions.settings, new_value=[object], source=unknown"}
{"logTime": "0928/143515", "level": "INFO", "message": "Preference changed: name=extensions.settings, new_value=[object], source=unknown"}
{"logTime": "0928/143515", "level": "INFO", "message": "Preference changed: name=extensions.settings, new_value=[object], source=unknown"}
{"logTime": "0928/143515", "level": "INFO", "message": "Preference changed: name=extensions.settings, new_value=[object], source=unknown"}
{"logTime": "0928/143515", "level": "INFO", "message": "Preference changed: name=extensions.settings, new_value=[object], source=unknown"}
{"logTime": "0928/143515", "level": "INFO", "message": "Preference changed: name=extensions.settings, new_value=[object], source=unknown"}
{"logTime": "0928/143515", "level": "INFO", "message": "Preference changed: name=extensions.settings, new_value=[object], source=unknown"}
{"logTime": "0928/143515", "level": "INFO", "message": "Preference changed: name=extensions.settings, new_value=[object], source=unknown"}
{"logTime": "0928/143515", "level": "INFO", "message": "Preference changed: name=extensions.settings, new_value=[object], source=unknown"}
{"logTime": "0928/143515", "level": "INFO", "message": "Preference changed: name=extensions.settings, new_value=[object], source=unknown"}
{"logTime": "0928/143515", "level": "INFO", "message": "Preference changed: name=extensions.settings, new_value=[object], source=unknown"}
{"logTime": "0928/143515", "level": "INFO", "message": "Preference changed: name=extensions.settings, new_value=[object], source=unknown"}
{"logTime": "0928/143515", "level": "INFO", "message": "Preference changed: name=extensions.settings, new_value=[object], source=unknown"}
{"logTime": "0928/143515", "level": "INFO", "message": "Preference changed: name=extensions.settings, new_value=[object], source=unknown"}
{"logTime": "0928/143515", "level": "INFO", "message": "Preference changed: name=extensions.settings, new_value=[object], source=unknown"}
{"logTime": "0928/143515", "level": "INFO", "message": "Preference changed: name=extensions.settings, new_value=[object], source=unknown"}
{"logTime": "0928/143515", "level": "INFO", "message": "Preference changed: name=extensions.settings, new_value=[object], source=unknown"}
{"logTime": "0928/143515", "level": "INFO", "message": "Preference changed: name=extensions.settings, new_value=[object], source=unknown"}
{"logTime": "0928/143515", "level": "INFO", "message": "Preference changed: name=extensions.settings, new_value=[object], source=unknown"}
{"logTime": "0928/143515", "level": "INFO", "message": "Preference changed: name=extensions.settings, new_value=[object], source=unknown"}
{"logTime": "0928/143515", "level": "INFO", "message": "Preference changed: name=extensions.settings, new_value=[object], source=unknown"}
{"logTime": "0928/143515", "level": "INFO", "message": "Preference changed: name=extensions.settings, new_value=[object], source=unknown"}
{"logTime": "0928/143515", "level": "INFO", "message": "Preference changed: name=extensions.settings, new_value=[object], source=unknown"}
{"logTime": "0928/143515", "level": "INFO", "message": "Preference changed: name=extensions.settings, new_value=[object], source=unknown"}
{"logTime": "0928/143515", "level": "INFO", "message": "Preference changed: name=extensions.settings, new_value=[object], source=unknown"}
{"logTime": "0928/143515", "level": "INFO", "message": "Preference changed: name=extensions.settings, new_value=[object], source=unknown"}
{"logTime": "0928/143515", "level": "INFO", "message": "Preference changed: name=extension.installed_extension_count, new_value=9, source=unknown"}
{"logTime": "0928/143515", "level": "INFO", "message": "Preference changed: name=profile.password_hash_data_list, new_value=[object], source=unknown"}
{"logTime": "0928/143515", "level": "INFO", "message": "Preference changed: name=continuous_migration.equal_opt_out_users_data.backfilled, new_value=true, source=unknown"}
{"logTime": "0928/143515", "level": "INFO", "message": "Preference changed: name=edge.profile_sso_info.is_first_profile, new_value=true, source=unknown"}
{"logTime": "0928/143515", "level": "INFO", "message": "Preference changed: name=edge.profile_sso_info.aad_sso_algo_state, new_value=1, source=unknown"}
{"logTime": "0928/143515", "level": "INFO", "message": "Preference changed: name=edge.msa_sso_info.allow_for_non_msa_profile, new_value=true, source=unknown"}
{"logTime": "0928/143515", "level": "INFO", "message": "Preference changed: name=edge.profile_sso_info.is_msa_first_profile, new_value=true, source=unknown"}
{"logTime": "0928/143515", "level": "INFO", "message": "Preference changed: name=edge.profile_sso_info.msa_sso_algo_state, new_value=1, source=unknown"}
{"logTime": "0928/143515", "level": "INFO", "message": "Preference changed: name=browser.available_dark_theme_options, new_value=\"All\", source=unknown"}
{"logTime": "0928/143515", "level": "INFO", "message": "Preference changed: name=optimization_guide.previously_registered_optimization_types, new_value=[object], source=unknown"}
{"logTime": "0928/143515", "level": "INFO", "message": "Preference changed: name=browser.show_toolbar_workspaces_button, new_value=false, source=unknown"}
{"logTime": "0928/143515", "level": "INFO", "message": "Preference changed: name=browser.show_downloads_hub_pinned, new_value=false, source=unknown"}
{"logTime": "0928/143515", "level": "INFO", "message": "Preference changed: name=toolbar.pinned_chrome_labs_migration_complete, new_value=true, source=unknown"}
{"logTime": "0928/143515", "level": "INFO", "message": "Preference changed: name=toolbar.pinned_cast_migration_complete, new_value=true, source=unknown"}
{"logTime": "0928/143516", "level": "INFO", "message": "Preference changed: name=in_product_help.session_start_time, new_value=\"13435079716125032\", source=unknown"}
{"logTime": "0928/143516", "level": "INFO", "message": "Preference changed: name=in_product_help.session_number, new_value=2, source=unknown"}
{"logTime": "0928/143516", "level": "INFO", "message": "Preference changed: name=in_product_help.session_last_active_time, new_value=\"13435079716125032\", source=unknown"}
{"logTime": "0928/143516", "level": "INFO", "message": "Preference changed: name=in_product_help.recent_session_enabled_time, new_value=\"13435079716125032\", source=unknown"}
{"logTime": "0928/143516", "level": "INFO", "message": "Preference changed: name=in_product_help.recent_session_start_times, new_value=[object], source=unknown"}
{"logTime": "0928/143516", "level": "INFO", "message": "Preference changed: name=media_router.receiver_id_hash_token, new_value=\"ZctYjQYMkKQBBzbKjCSZyrOcfqZsm+qAt7ltQILshUVls1wSwutklCB84fMzYP6mJxkvQjfxdwKS3vlSB2AS2w==\", source=unknown"}
{"logTime": "0928/143516", "level": "INFO", "message": "Preference changed: name=media.engagement.schema_version, new_value=5, source=unknown"}
{"logTime": "0928/143516", "level": "INFO", "message": "Preference changed: name=intl.selected_languages, new_value=\"es,es-ES,en,en-GB,en-US\", source=unknown"}
{"logTime": "0928/143516", "level": "INFO", "message": "Preference changed: name=edge_rewards.cache_data, new_value=\"CAA=\", source=unknown"}
{"logTime": "0928/143516", "level": "INFO", "message": "Preference changed: name=edge_rewards.refresh_status_muted_until, new_value=\"13435684516208940\", source=unknown"}
{"logTime": "0928/143516", "level": "INFO", "message": "Preference changed: name=optimization_guide.previously_registered_optimization_types, new_value=[object], source=unknown"}
{"logTime": "0928/143516", "level": "INFO", "message": "Preference changed: name=profile.content_settings.exceptions.storage_access_header_origin_trial, new_value=[object], source=unknown"}
{"logTime": "0928/143516", "level": "INFO", "message": "Preference changed: name=edge_wallet.trigger_funnel.records, new_value=[object], source=unknown"}
{"logTime": "0928/143516", "level": "INFO", "message": "Preference changed: name=shopping.dma_telemetry_expiration_time, new_value=\"13435166116528537\", source=unknown"}
{"logTime": "0928/143516", "level": "INFO", "message": "Preference changed: name=shopping.contextual_features_enabled, new_value=true, source=unknown"}
{"logTime": "0928/143516", "level": "INFO", "message": "Preference changed: name=sync.keep_everything_synced, new_value=false, source=unknown"}
{"logTime": "0928/143516", "level": "INFO", "message": "Preference changed: name=sync.bookmarks, new_value=true, source=unknown"}
{"logTime": "0928/143516", "level": "INFO", "message": "Preference changed: name=sync.preferences, new_value=true, source=unknown"}
{"logTime": "0928/143516", "level": "INFO", "message": "Preference changed: name=sync.passwords, new_value=true, source=unknown"}
{"logTime": "0928/143516", "level": "INFO", "message": "Preference changed: name=sync.autofill, new_value=true, source=unknown"}
{"logTime": "0928/143516", "level": "INFO", "message": "Preference changed: name=sync.typed_urls, new_value=true, source=unknown"}
{"logTime": "0928/143516", "level": "INFO", "message": "Preference changed: name=sync.extensions, new_value=true, source=unknown"}
{"logTime": "0928/143516", "level": "INFO", "message": "Preference changed: name=sync.apps, new_value=true, source=unknown"}
{"logTime": "0928/143516", "level": "INFO", "message": "Preference changed: name=sync.tabs, new_value=true, source=unknown"}
{"logTime": "0928/143516", "level": "INFO", "message": "Preference changed: name=sync.edge_workspaces, new_value=true, source=unknown"}
{"logTime": "0928/143516", "level": "INFO", "message": "Preference changed: name=sync.collections_edge_re_evaluated, new_value=true, source=unknown"}
{"logTime": "0928/143516", "level": "INFO", "message": "Preference changed: name=sync.history_edge_supported, new_value=true, source=unknown"}
{"logTime": "0928/143516", "level": "INFO", "message": "Preference changed: name=sync.extensions_edge_supported, new_value=true, source=unknown"}
{"logTime": "0928/143516", "level": "INFO", "message": "Preference changed: name=sync.tabs_edge_supported, new_value=true, source=unknown"}
{"logTime": "0928/143516", "level": "INFO", "message": "Preference changed: name=sync.edge_workspaces_edge_supported, new_value=true, source=unknown"}
{"logTime": "0928/143517", "level": "INFO", "message": "Preference changed: name=schedule_to_flush_to_disk, new_value=\"13435079717021596\", source=unknown"}
{"logTime": "0928/143517", "level": "INFO", "message": "Preference changed: name=schedule_to_flush_to_disk, new_value=\"13435079717022979\", source=unknown"}
{"logTime": "0928/143517", "level": "INFO", "message": "Preference changed: name=muid.last_sync, new_value=\"13435079717023701\", source=unknown"}
{"logTime": "0928/143517", "level": "INFO", "message": "Preference changed: name=bookmark.storage_computation_last_update, new_value=\"13435079717024017\", source=unknown"}
{"logTime": "0928/143517", "level": "INFO", "message": "Preference changed: name=commerce_daily_metrics_last_update_time, new_value=\"13435079717032450\", source=unknown"}
{"logTime": "0928/143517", "level": "INFO", "message": "Preference changed: name=dual_engine.sitelist_location, new_value=\"\", source=unknown"}
{"logTime": "0928/143517", "level": "INFO", "message": "Preference changed: name=dual_engine.sitelist_source, new_value=0, source=unknown"}
{"logTime": "0928/143517", "level": "INFO", "message": "Preference changed: name=dual_engine.consumer_sitelist_location, new_value=\"\", source=unknown"}
{"logTime": "0928/143517", "level": "INFO", "message": "Preference changed: name=dual_engine.sitelist_has_enterprise_data, new_value=false, source=unknown"}
{"logTime": "0928/143517", "level": "INFO", "message": "Preference changed: name=dual_engine.shared_cookie_data, new_value=[object], source=unknown"}
{"logTime": "0928/143517", "level": "INFO", "message": "Preference changed: name=dual_engine.sitelist_version, new_value=\"\", source=unknown"}
{"logTime": "0928/143517", "level": "INFO", "message": "Preference changed: name=dual_engine.sitelist_has_consumer_data, new_value=false, source=unknown"}
{"logTime": "0928/143517", "level": "INFO", "message": "Preference changed: name=dual_engine.consumer_site_list_with_ie_entries, new_value=false, source=unknown"}
{"logTime": "0928/143517", "level": "INFO", "message": "Preference changed: name=dual_engine.consumer_sitelist_version, new_value=\"\", source=unknown"}
{"logTime": "0928/143517", "level": "INFO", "message": "Preference changed: name=extensions.settings, new_value=[object], source=unknown"}
{"logTime": "0928/143517", "level": "INFO", "message": "Preference changed: name=extensions.settings, new_value=[object], source=unknown"}
{"logTime": "0928/143517", "level": "INFO", "message": "Preference changed: name=extensions.settings, new_value=[object], source=unknown"}
{"logTime": "0928/143517", "level": "INFO", "message": "Preference changed: name=extensions.settings, new_value=[object], source=unknown"}
{"logTime": "0928/143517", "level": "INFO", "message": "Preference changed: name=extensions.settings, new_value=[object], source=unknown"}
{"logTime": "0928/143517", "level": "INFO", "message": "Preference changed: name=extensions.settings, new_value=[object], source=unknown"}
{"logTime": "0928/143517", "level": "INFO", "message": "Preference changed: name=extensions.settings, new_value=[object], source=unknown"}
{"logTime": "0928/143517", "level": "INFO", "message": "Preference changed: name=extensions.settings, new_value=[object], source=unknown"}
{"logTime": "0928/143517", "level": "INFO", "message": "Preference changed: name=extensions.settings, new_value=[object], source=unknown"}
{"logTime": "0928/143517", "level": "INFO", "message": "Preference changed: name=extensions.settings, new_value=[object], source=unknown"}
{"logTime": "0928/143517", "level": "INFO", "message": "Preference changed: name=extensions.settings, new_value=[object], source=unknown"}
{"logTime": "0928/143517", "level": "INFO", "message": "Preference changed: name=extensions.settings, new_value=[object], source=unknown"}
{"logTime": "0928/143517", "level": "INFO", "message": "Preference changed: name=extensions.settings, new_value=[object], source=unknown"}
{"logTime": "0928/143517", "level": "INFO", "message": "Preference changed: name=extensions.settings, new_value=[object], source=unknown"}
{"logTime": "0928/143517", "level": "INFO", "message": "Preference changed: name=extensions.settings, new_value=[object], source=unknown"}
{"logTime": "0928/143517", "level": "INFO", "message": "Preference changed: name=extensions.settings, new_value=[object], source=unknown"}
{"logTime": "0928/143517", "level": "INFO", "message": "Preference changed: name=extensions.settings, new_value=[object], source=unknown"}
{"logTime": "0928/143517", "level": "INFO", "message": "Preference changed: name=extensions.settings, new_value=[object], source=unknown"}
{"logTime": "0928/143517", "level": "INFO", "message": "Preference changed: name=extensions.chrome_url_overrides, new_value=[object], source=unknown"}
{"logTime": "0928/143517", "level": "INFO", "message": "Preference changed: name=extensions.pinned_extensions, new_value=[object], source=unknown"}
{"logTime": "0928/143517", "level": "INFO", "message": "Preference changed: name=extensions.pinned_extension_migration, new_value=true, source=unknown"}
{"logTime": "0928/143517", "level": "INFO", "message": "Preference changed: name=ntp.num_personal_suggestions, new_value=1, source=unknown"}
{"logTime": "0928/143517", "level": "INFO", "message": "Preference changed: name=edge.services.signin_scoped_device_id, new_value=\"28aae3c6-e7d0-47a2-8e85-79b85a9a4833\", source=unknown"}
{"logTime": "0928/143517", "level": "INFO", "message": "Preference changed: name=account_tracker_service_last_update, new_value=\"13435079717193552\", source=unknown"}
{"logTime": "0928/143517", "level": "INFO", "message": "Preference changed: name=autofill.ai_last_version_deduped, new_value=154, source=unknown"}
{"logTime": "0928/143517", "level": "INFO", "message": "Preference changed: name=autofill.last_version_deduped, new_value=154, source=unknown"}
{"logTime": "0928/143517", "level": "INFO", "message": "Preference changed: name=autofill.edge_autofill_purge_low_quality_profiles_by_timeline, new_value=false, source=unknown"}
{"logTime": "0928/143517", "level": "INFO", "message": "Preference changed: name=optimization_guide.previously_registered_optimization_types, new_value=[object], source=unknown"}
{"logTime": "0928/143517", "level": "INFO", "message": "Preference changed: name=autocomplete.retention_policy_last_version, new_value=154, source=unknown"}
{"logTime": "0928/143517", "level": "INFO", "message": "Preference changed: name=typosquatting.allowlist_migration_done, new_value=true, source=unknown"}
{"logTime": "0928/143517", "level": "INFO", "message": "Preference changed: name=shopping.rdx_mode_enabled, new_value=false, source=unknown"}
{"logTime": "0928/143517", "level": "INFO", "message": "Preference changed: name=shopping.rdx_mode_cached, new_value=true, source=unknown"}
{"logTime": "0928/143517", "level": "INFO", "message": "Preference changed: name=profile.edge_user_with_non_zero_passwords, new_value=false, source=unknown"}
{"logTime": "0928/143517", "level": "INFO", "message": "Preference changed: name=profile.edge_password_is_using_new_login_db_path, new_value=false, source=unknown"}
{"logTime": "0928/143517", "level": "INFO", "message": "Preference changed: name=profile.edge_password_login_db_path_flip_flop_count, new_value=0, source=unknown"}
{"logTime": "0928/143517", "level": "INFO", "message": "Preference changed: name=web_apps.link_handling_info.enabled_for_installed_apps, new_value=true, source=unknown"}
{"logTime": "0928/143517", "level": "INFO", "message": "Preference changed: name=apps.shortcuts_version, new_value=1, source=unknown"}
{"logTime": "0928/143517", "level": "INFO", "message": "Preference changed: name=apps.shortcuts_arch, new_value=\"\", source=unknown"}
{"logTime": "0928/143517", "level": "INFO", "message": "Preference changed: name=apps.shortcuts_os_version, new_value=\"\", source=unknown"}
{"logTime": "0928/143517", "level": "INFO", "message": "Preference changed: name=saved_tab_groups.specifics_to_data_migration, new_value=true, source=unknown"}
{"logTime": "0928/143517", "level": "INFO", "message": "Preference changed: name=browser.underside_chat_bing_signed_in_status, new_value=false, source=unknown"}
{"logTime": "0928/143517", "level": "INFO", "message": "Preference changed: name=muid.values_seen, new_value=[object], source=unknown"}
{"logTime": "0928/143517", "level": "INFO", "message": "Preference changed: name=shopping.pcb_supported, new_value=true, source=unknown"}
{"logTime": "0928/143517", "level": "INFO", "message": "Preference changed: name=extensions.settings, new_value=[object], source=unknown"}
{"logTime": "0928/143518", "level": "INFO", "message": "Preference changed: name=extensions.settings, new_value=[object], source=unknown"}
{"logTime": "0928/143518", "level": "INFO", "message": "Preference changed: name=extensions.settings, new_value=[object], source=unknown"}
{"logTime": "0928/143518", "level": "INFO", "message": "Preference changed: name=extensions.settings, new_value=[object], source=unknown"}
{"logTime": "0928/143518", "level": "INFO", "message": "Preference changed: name=extensions.settings, new_value=[object], source=unknown"}
{"logTime": "0928/143518", "level": "INFO", "message": "Preference changed: name=extensions.settings, new_value=[object], source=unknown"}
{"logTime": "0928/143518", "level": "INFO", "message": "Preference changed: name=extensions.settings, new_value=[object], source=unknown"}
{"logTime": "0928/143518", "level": "INFO", "message": "Preference changed: name=extensions.settings, new_value=[object], source=unknown"}
{"logTime": "0928/143518", "level": "INFO", "message": "Preference changed: name=extensions.settings, new_value=[object], source=unknown"}
{"logTime": "0928/143518", "level": "INFO", "message": "Preference changed: name=extensions.settings, new_value=[object], source=unknown"}
{"logTime": "0928/143518", "level": "INFO", "message": "Preference changed: name=extensions.settings, new_value=[object], source=unknown"}
{"logTime": "0928/143518", "level": "INFO", "message": "Preference changed: name=extensions.settings, new_value=[object], source=unknown"}
{"logTime": "0928/143518", "level": "INFO", "message": "Preference changed: name=extensions.settings, new_value=[object], source=unknown"}
{"logTime": "0928/143518", "level": "INFO", "message": "Preference changed: name=extensions.settings, new_value=[object], source=unknown"}
{"logTime": "0928/143518", "level": "INFO", "message": "Preference changed: name=extensions.settings, new_value=[object], source=unknown"}
{"logTime": "0928/143518", "level": "INFO", "message": "Preference changed: name=extensions.settings, new_value=[object], source=unknown"}
{"logTime": "0928/143520", "level": "INFO", "message": "Preference changed: name=personalization_data_consent.personalization_in_context_count, new_value=0, source=unknown"}
{"logTime": "0928/143520", "level": "INFO", "message": "Preference changed: name=personalization_data_consent.personalization_in_context_consent_can_prompt, new_value=true, source=unknown"}
{"logTime": "0928/143520", "level": "INFO", "message": "Preference changed: name=edge.workspaces.migration.last_state, new_value=2, source=unknown"}
{"logTime": "0928/143520", "level": "INFO", "message": "Preference changed: name=edge.workspaces.migration.stampede_time, new_value=\"13435083320812830\", source=unknown"}
{"logTime": "0928/143520", "level": "INFO", "message": "Preference changed: name=profile.is_relative_to_aad, new_value=false, source=unknown"}
{"logTime": "0928/143521", "level": "INFO", "message": "Preference changed: name=profiles.last_swag_account_type, new_value=1, source=unknown"}
{"logTime": "0928/143521", "level": "INFO", "message": "Preference changed: name=aadc_info.age_group, new_value=0, source=unknown"}
{"logTime": "0928/143521", "level": "INFO", "message": "Preference changed: name=account_info, new_value=[object], source=unknown"}
{"logTime": "0928/143521", "level": "INFO", "message": "Preference changed: name=edge.account_type, new_value=1, source=unknown"}
{"logTime": "0928/143521", "level": "INFO", "message": "Preference changed: name=edge.services.account_id, new_value=\"307ffe8518d26c26\", source=unknown"}
{"logTime": "0928/143521", "level": "INFO", "message": "Preference changed: name=google.services.consented_to_sync, new_value=true, source=unknown"}
{"logTime": "0928/143521", "level": "INFO", "message": "Preference changed: name=google.services.last_signed_in_username, new_value=\"jesusmendozamaquez611@gmail.com\", source=unknown"}
{"logTime": "0928/143521", "level": "INFO", "message": "Preference changed: name=edge.services.last_gaia_id, new_value=\"307ffe8518d26c26\", source=unknown"}
{"logTime": "0928/143521", "level": "INFO", "message": "Preference changed: name=edge.services.last_username, new_value=\"jesusmendozamaquez611@gmail.com\", source=unknown"}
{"logTime": "0928/143521", "level": "INFO", "message": "Preference changed: name=edge.profile_matches_os_primary_account, new_value=false, source=unknown"}
{"logTime": "0928/143521", "level": "INFO", "message": "Preference changed: name=signin.signin_with_explicit_browser_signin_on, new_value=true, source=unknown"}
{"logTime": "0928/143521", "level": "INFO", "message": "Preference changed: name=signin.accounts_metadata_dict, new_value=[object], source=unknown"}
{"logTime": "0928/143521", "level": "INFO", "message": "Preference changed: name=safebrowsing.advanced_protection_last_refresh, new_value=\"13435079721175527\", source=unknown"}
{"logTime": "0928/143521", "level": "INFO", "message": "Preference changed: name=edge.merge_chats_status.status, new_value=0, source=unknown"}
{"logTime": "0928/143521", "level": "INFO", "message": "Preference changed: name=edge.merge_chats_status.primary_account_id, new_value=\"307ffe8518d26c26\", source=unknown"}
{"logTime": "0928/143521", "level": "INFO", "message": "Preference changed: name=google.services.signin.LAST_SIGNIN_ACCESS_POINT.value, new_value=\"17\", source=unknown"}
{"logTime": "0928/143521", "level": "INFO", "message": "Preference changed: name=google.services.signin.LAST_SIGNIN_ACCESS_POINT.time, new_value=\"2026-09-28T14:35:21.177Z\", source=unknown"}
{"logTime": "0928/143521", "level": "INFO", "message": "Preference changed: name=sync.edge_account_type, new_value=1, source=unknown"}
{"logTime": "0928/143521", "level": "INFO", "message": "Preference changed: name=sync.transport_data_per_account, new_value=[object], source=unknown"}
{"logTime": "0928/143521", "level": "INFO", "message": "Preference changed: name=sync.transport_data_per_account, new_value=[object], source=unknown"}
{"logTime": "0928/143521", "level": "INFO", "message": "Preference changed: name=sync.gaia_id, new_value=\"307ffe8518d26c26\", source=unknown"}
{"logTime": "0928/143521", "level": "INFO", "message": "Preference changed: name=edge.msa_sso_info.allow_for_non_msa_profile, new_value=false, source=unknown"}
{"logTime": "0928/143521", "level": "INFO", "message": "Preference changed: name=edge.profile_sso_info.msa_sso_algo_state, new_value=2, source=unknown"}
{"logTime": "0928/143521", "level": "INFO", "message": "Preference changed: name=edge.profile_sso_info.msa_sso_state_reached_by, new_value=3, source=unknown"}
{"logTime": "0928/143521", "level": "INFO", "message": "Preference changed: name=edge.workspaces.state, new_value=\"{\\\"edgeWorkspacePrefsVersion\\\":2,\\\"enableFluid\\\":true,\\\"failedRestartSpaceId\\\":\\\"\\\",\\\"failedToConnectToFluid\\\":false,\\\"fluidMigrationStatus\\\":false,\\\"fluidStatus\\\":0,\\\"fre_shown\\\":false,\\\"fromCache\\\":false,\\\"isFluidPreferencesConnected\\\":false,\\\"isSpaceOpening\\\":false,\\\"openingSpaceId\\\":\\\"\\\",\\\"statusForScreenReaders\\\":\\\"\\\",\\\"workspacePopupMode\\\":9,\\\"workspacesForExternalLinks\\\":[]}\", source=unknown"}
{"logTime": "0928/143521", "level": "INFO", "message": "Preference changed: name=visual_search.dma_state, new_value=1, source=unknown"}
{"logTime": "0928/143521", "level": "INFO", "message": "Preference changed: name=nurturing.time_of_last_sync_consent_view, new_value=\"13435079721249803\", source=unknown"}
{"logTime": "0928/143521", "level": "INFO", "message": "PrefStore write completed: store=4, success=true"}
{"logTime": "0928/143521", "level": "INFO", "message": "PrefStore write completed: store=4, success=true"}
{"logTime": "0928/143521", "level": "INFO", "message": "PrefStore write completed: store=4, success=true"}
{"logTime": "0928/143521", "level": "INFO", "message": "Preference changed: name=sync.cached_persistent_auth_error, new_value=false, source=unknown"}
{"logTime": "0928/143521", "level": "INFO", "message": "PrefStore write completed: store=4, success=true"}
{"logTime": "0928/143521", "level": "INFO", "message": "Preference changed: name=sync.has_been_enabled, new_value=true, source=unknown"}
{"logTime": "0928/143521", "level": "INFO", "message": "Preference changed: name=sync_consent_recorded, new_value=true, source=unknown"}
{"logTime": "0928/143521", "level": "INFO", "message": "Preference changed: name=browser.window_placement, new_value=[object], source=unknown"}
{"logTime": "0928/143521", "level": "INFO", "message": "Preference changed: name=sync.has_setup_completed, new_value=true, source=unknown"}
{"logTime": "0928/143521", "level": "INFO", "message": "Preference changed: name=sync.keep_everything_synced, new_value=true, source=unknown"}
{"logTime": "0928/143521", "level": "INFO", "message": "Preference changed: name=edge_pinning_campaign.precomputed_campaign_data, new_value=[object], source=unknown"}
{"logTime": "0928/143522", "level": "INFO", "message": "Preference changed: name=muid.values_seen, new_value=[object], source=unknown"}
{"logTime": "0928/143522", "level": "INFO", "message": "Preference changed: name=profile.exit_type, new_value=\"Crashed\", source=unknown"}
{"logTime": "0928/143522", "level": "INFO", "message": "Preference changed: name=profile.content_settings.exceptions.site_engagement, new_value=[object], source=unknown"}
{"logTime": "0928/143522", "level": "INFO", "message": "Preference changed: name=profile.last_engagement_time, new_value=\"13435079722161299\", source=unknown"}
{"logTime": "0928/143522", "level": "INFO", "message": "Preference changed: name=edge_cloud_messaging.cached_target_token.target_token, new_value=\"excgDcgxCBoApZ5hnLSVnQ==$QUHXZo51maF4fEd3tWnUrOSUfsGXkhAZ5XoakqVJosKfJPQ+cfa4OyH6r1v2KCYDg09d8+m9wGJdFWP8YcBDbmLc83CPAa7kb6ePnNmSdnxJKmDRKLRYDZ39mzELJwxcAm4XKdKv87CxMeawzYqkjlA3HbV5Lal4CtEE7bL3gf8=\", source=unknown"}
{"logTime": "0928/143522", "level": "INFO", "message": "Preference changed: name=edge_cloud_messaging.cached_target_token.cv, new_value=\"1156962360099885824\", source=unknown"}
{"logTime": "0928/143522", "level": "INFO", "message": "Preference changed: name=edge_cloud_messaging.cached_target_token.time, new_value=\"13435079722018876\", source=unknown"}
{"logTime": "0928/143522", "level": "INFO", "message": "Preference changed: name=fsd.retention_policy_last_version, new_value=154, source=unknown"}
{"logTime": "0928/143522", "level": "INFO", "message": "Preference changed: name=web_apps.last_preinstall_synchronize_version, new_value=\"154\", source=unknown"}
{"logTime": "0928/143522", "level": "INFO", "message": "Preference changed: name=web_apps.did_migrate_default_chrome_apps, new_value=[object], source=unknown"}
{"logTime": "0928/143522", "level": "INFO", "message": "Preference changed: name=web_apps.did_migrate_default_chrome_apps, new_value=[object], source=unknown"}
{"logTime": "0928/143522", "level": "INFO", "message": "Preference changed: name=import_items_failure_state.reimport.ie_react, new_value=62432, source=unknown"}
{"logTime": "0928/143522", "level": "INFO", "message": "Preference changed: name=safebrowsing.advanced_protection_last_refresh, new_value=\"13435079722429354\", source=unknown"}
{"logTime": "0928/143522", "level": "INFO", "message": "Preference changed: name=account_info, new_value=[object], source=unknown"}
{"logTime": "0928/143523", "level": "INFO", "message": "Preference changed: name=profile.using_default_avatar, new_value=false, source=unknown"}
{"logTime": "0928/143523", "level": "INFO", "message": "Preference changed: name=profile.using_gaia_avatar, new_value=true, source=unknown"}
{"logTime": "0928/143523", "level": "INFO", "message": "Preference changed: name=edge_triggering.config_version, new_value=\"1.42.2\", source=unknown"}
{"logTime": "0928/143523", "level": "INFO", "message": "Preference changed: name=optimization_guide.hintsfetcher.hosts_successfully_fetched, new_value=[object], source=unknown"}
{"logTime": "0928/143523", "level": "INFO", "message": "Preference changed: name=pinned_sites.pin_metadata, new_value=[object], source=unknown"}
{"logTime": "0928/143523", "level": "INFO", "message": "Preference changed: name=edge_copilot.msa_eligibility_info, new_value=[object], source=unknown"}
{"logTime": "0928/143523", "level": "INFO", "message": "Preference changed: name=sync.cached_passphrase_type, new_value=2, source=unknown"}
{"logTime": "0928/143523", "level": "INFO", "message": "Preference changed: name=sync.transport_data_per_account, new_value=[object], source=unknown"}
{"logTime": "0928/143523", "level": "INFO", "message": "Preference changed: name=sync.transport_data_per_account, new_value=[object], source=unknown"}
{"logTime": "0928/143523", "level": "INFO", "message": "Preference changed: name=sync.transport_data_per_account, new_value=[object], source=unknown"}
{"logTime": "0928/143523", "level": "INFO", "message": "Preference changed: name=sync.cached_trusted_vault_auto_upgrade_experiment_group, new_value=\"\", source=unknown"}
{"logTime": "0928/143523", "level": "INFO", "message": "Preference changed: name=sync.local_device_guids_with_timestamp, new_value=[object], source=unknown"}
{"logTime": "0928/143523", "level": "INFO", "message": "Preference changed: name=sync.local_device_guids_with_timestamp, new_value=[object], source=unknown"}
{"logTime": "0928/143523", "level": "INFO", "message": "Preference changed: name=edge_rewards.hva_promotions, new_value=[object], source=unknown"}
{"logTime": "0928/143523", "level": "INFO", "message": "Preference changed: name=edge_rewards.promotions, new_value=[object], source=unknown"}
{"logTime": "0928/143523", "level": "INFO", "message": "Preference changed: name=edge_rewards.hva_promotions, new_value=[object], source=unknown"}
{"logTime": "0928/143523", "level": "INFO", "message": "Preference changed: name=edge_rewards.user_is_conscious, new_value=true, source=unknown"}
{"logTime": "0928/143523", "level": "INFO", "message": "Preference changed: name=edge_rewards.cache_data, new_value=\"CAEQ6wFKAm14\", source=unknown"}
{"logTime": "0928/143523", "level": "INFO", "message": "Preference changed: name=edge_rewards.referral_hash, new_value=\"6F8EF599\", source=unknown"}
{"logTime": "0928/143524", "level": "INFO", "message": "Preference changed: name=sync.keystore_encryption_key_state, new_value=\"eyJkb3dubG9hZF9rZXlfcmVzdWx0Ijp0cnVlLCJleHBpcmF0aW9uX3RpbWUiOjE3OTA2OTI1MjMuOTY2OTY3LCJodHRwX3Jlc3BvbnNlX2NvZGUiOjIwMCwia2V5X2NvdW50Ijo1LCJrZXlfdmFsaWRhdGlvbl90aW1lIjowLjAsIm5ldF9lcnJvcl9jb2RlIjoxLCJwcm9jZXNzX2tleV9yZXN1bHQiOjAsInNldF9rZXlfcmVzdWx0Ijp0cnVlfQ==\", source=unknown"}
{"logTime": "0928/143524", "level": "INFO", "message": "Preference changed: name=sync.transport_data_per_account, new_value=[object], source=unknown"}
{"logTime": "0928/143524", "level": "INFO", "message": "Preference changed: name=sync.transport_data_per_account, new_value=[object], source=unknown"}
{"logTime": "0928/143524", "level": "INFO", "message": "Preference changed: name=sync.transport_data_per_account, new_value=[object], source=unknown"}
{"logTime": "0928/143524", "level": "INFO", "message": "Preference changed: name=sync.keystore_encryption_key_state, new_value=\"eyJkb3dubG9hZF9rZXlfcmVzdWx0Ijp0cnVlLCJleHBpcmF0aW9uX3RpbWUiOjE3OTA2OTI1MjMuOTY2OTY3LCJodHRwX3Jlc3BvbnNlX2NvZGUiOjIwMCwia2V5X2NvdW50Ijo1LCJrZXlfdmFsaWRhdGlvbl90aW1lIjoxNzkwNjA2MTI0LjI4Nzc2NCwibmV0X2Vycm9yX2NvZGUiOjEsInByb2Nlc3Nfa2V5X3Jlc3VsdCI6MCwic2V0X2tleV9yZXN1bHQiOnRydWV9\", source=unknown"}
{"logTime": "0928/143525", "level": "INFO", "message": "Preference changed: name=new_device_fre.imported_google_data_timestamp, new_value=\"13390103814842723\", source=sync"}
{"logTime": "0928/143525", "level": "INFO", "message": "Preference changed: name=browser.show_edge_split_window_toolbar_button, new_value=false, source=sync"}
{"logTime": "0928/143525", "level": "INFO", "message": "Preference changed: name=tab_groups_cleanup_version, new_value=4, source=sync"}
{"logTime": "0928/143525", "level": "INFO", "message": "Preference changed: name=browser.show_hub_app_in_sidebar_buttons, new_value=[object], source=sync"}
{"logTime": "0928/143525", "level": "INFO", "message": "Preference changed: name=browser.edge_sidebar_visibility_debug, new_value=[object], source=sync"}
{"logTime": "0928/143525", "level": "INFO", "message": "Preference changed: name=edge.workspaces.migration.complete, new_value=true, source=sync"}
{"logTime": "0928/143525", "level": "INFO", "message": "Preference changed: name=browser.show_toolbar_spacework_button, new_value=false, source=sync"}
{"logTime": "0928/143525", "level": "INFO", "message": "Preference changed: name=edge.workspaces.storage.state, new_value=\"{\\\"app_folder_path\\\":\\\"\\\",\\\"container_id\\\":\\\"\\\",\\\"drive_id\\\":\\\"\\\",\\\"prefs_item_id\\\":\\\"\\\",\\\"storage_endpoint\\\":\\\"\\\",\\\"version\\\":3}\", source=sync"}
{"logTime": "0928/143525", "level": "INFO", "message": "Preference changed: name=edge.workspaces.state, new_value=\"\", source=sync"}
{"logTime": "0928/143525", "level": "INFO", "message": "Preference changed: name=edge.workspaces.storage.state, new_value=\"\", source=sync"}
{"logTime": "0928/143525", "level": "INFO", "message": "Preference changed: name=browser.hub_app_usage_preferences, new_value=[object], source=sync"}
{"logTime": "0928/143525", "level": "INFO", "message": "Preference changed: name=ntp.enable_widgets_region, new_value=false, source=sync"}
{"logTime": "0928/143525", "level": "INFO", "message": "Preference changed: name=browser.edge_sidebar_visibility, new_value=[object], source=sync"}
{"logTime": "0928/143525", "level": "INFO", "message": "Preference changed: name=browser.edge_sidebar_visibility_debug, new_value=[object], source=sync"}
{"logTime": "0928/143525", "level": "INFO", "message": "Preference changed: name=ntp.show_greeting, new_value=true, source=sync"}
{"logTime": "0928/143525", "level": "INFO", "message": "Preference changed: name=browser.hub_app_preferences, new_value=[object], source=sync"}
{"logTime": "0928/143525", "level": "INFO", "message": "Preference changed: name=browser.edge_sidebar_visibility_debug, new_value=[object], source=sync"}
{"logTime": "0928/143525", "level": "INFO", "message": "Preference changed: name=profile.password_breach_scan_triggered_count, new_value=0, source=sync"}
{"logTime": "0928/143525", "level": "INFO", "message": "Preference changed: name=tab_groups_migration_version, new_value=3, source=sync"}
{"logTime": "0928/143525", "level": "INFO", "message": "Preference changed: name=edge_wallet.passwords.latest_password_management_count, new_value=[object], source=sync"}
{"logTime": "0928/143525", "level": "INFO", "message": "Preference changed: name=edge_wallet.passwords.latest_password_usage_count, new_value=[object], source=sync"}
{"logTime": "0928/143525", "level": "INFO", "message": "Preference changed: name=ntp.hide_default_top_sites, new_value=false, source=sync"}
{"logTime": "0928/143525", "level": "INFO", "message": "Preference changed: name=profile.network_pbs, new_value=[object], source=sync"}
{"logTime": "0928/143525", "level": "INFO", "message": "Preference changed: name=profile.network_pbs, new_value=[object], source=sync"}
{"logTime": "0928/143525", "level": "INFO", "message": "Preference changed: name=user_experience_metrics.personalization_data_consent_enabled, new_value=true, source=sync"}
{"logTime": "0928/143525", "level": "INFO", "message": "Preference changed: name=user_experience_metrics.personalization_data_consent_enabled_last_known_value, new_value=true, source=sync"}
{"logTime": "0928/143525", "level": "INFO", "message": "Preference changed: name=personalization_data_consent.personalization_in_context_consent_can_prompt, new_value=false, source=sync"}
{"logTime": "0928/143525", "level": "INFO", "message": "Preference changed: name=personalization_data_consent.personalization_in_context_has_prompted, new_value=false, source=sync"}
{"logTime": "0928/143525", "level": "INFO", "message": "Preference changed: name=profile.edge_user_with_non_zero_passwords, new_value=true, source=sync"}
{"logTime": "0928/143525", "level": "INFO", "message": "Preference changed: name=profile.password_breach_last_scanned_time, new_value=\"13434955553498231\", source=sync"}
{"logTime": "0928/143525", "level": "INFO", "message": "Preference changed: name=instrumentation.ntp.news_feed_display, new_value=\"extensions::NtpSettingsPrivateSetPrefFunction::Run;always\", source=sync"}
{"logTime": "0928/143525", "level": "INFO", "message": "Preference changed: name=sync_profile_info.edge_san_consent_last_shown_date, new_value=\"13371621067403569\", source=sync"}
{"logTime": "0928/143525", "level": "INFO", "message": "Preference changed: name=sync_profile_info.edge_san_is_option_explicitly_selectedby_user, new_value=false, source=sync"}
{"logTime": "0928/143525", "level": "INFO", "message": "Preference changed: name=spellcheck.dictionaries, new_value=[object], source=sync"}
{"logTime": "0928/143525", "level": "INFO", "message": "Preference changed: name=browser.editor_proofing_languages, new_value=[object], source=sync"}
{"logTime": "0928/143525", "level": "INFO", "message": "Preference changed: name=intl.selected_languages, new_value=\"es-419,es,es-ES,en,en-GB,en-US,es-MX\", source=sync"}
{"logTime": "0928/143525", "level": "INFO", "message": "Preference changed: name=intl.accept_languages, new_value=\"es-419,es,es-ES,en,en-GB,en-US,es-MX\", source=sync"}
{"logTime": "0928/143525", "level": "INFO", "message": "Preference changed: name=collections.prism_collections.policy.cached, new_value=2, source=sync"}
{"logTime": "0928/143525", "level": "INFO", "message": "Preference changed: name=browser.editor_proofing_languages, new_value=[object], source=sync"}
{"logTime": "0928/143525", "level": "INFO", "message": "Preference changed: name=profile.last_time_password_monitor_consent_shown, new_value=\"13374281198951097\", source=sync"}
{"logTime": "0928/143525", "level": "INFO", "message": "Preference changed: name=ntp.layout_mode, new_value=2, source=sync"}
{"logTime": "0928/143525", "level": "INFO", "message": "Preference changed: name=ntp.news_feed_display, new_value=\"always\", source=sync"}
{"logTime": "0928/143525", "level": "INFO", "message": "Preference changed: name=browser.enable_text_prediction_v2, new_value=true, source=sync"}
{"logTime": "0928/143525", "level": "INFO", "message": "Preference changed: name=credentials_enable_breachdetection, new_value=true, source=sync"}
{"logTime": "0928/143525", "level": "INFO", "message": "Preference changed: name=personalization_data_consent.when_set, new_value=\"13371621067405975\", source=sync"}
{"logTime": "0928/143525", "level": "INFO", "message": "Preference changed: name=profile.password_breach_scanned, new_value=true, source=sync"}
{"logTime": "0928/143525", "level": "INFO", "message": "Preference changed: name=profile.number_password_monitor_consent_shown, new_value=2, source=sync"}
{"logTime": "0928/143525", "level": "INFO", "message": "Preference changed: name=profile.edge_passwords_more_menu_label_shown, new_value=true, source=sync"}
{"logTime": "0928/143525", "level": "INFO", "message": "Preference changed: name=browser.editor_proofing_languages, new_value=[object], source=sync"}
{"logTime": "0928/143525", "level": "INFO", "message": "Preference changed: name=profile.password_breach_scan_triggered_password_count, new_value=0, source=sync"}
{"logTime": "0928/143525", "level": "INFO", "message": "Preference changed: name=edge.spaceworks.should_show_post_migration_message, new_value=true, source=sync"}
{"logTime": "0928/143525", "level": "INFO", "message": "Preference changed: name=smart_explore.auto_cleanup_date, new_value=\"13392623597718541\", source=sync"}
{"logTime": "0928/143525", "level": "INFO", "message": "Preference changed: name=personalization_data_consent.how_set, new_value=2, source=sync"}
{"logTime": "0928/143525", "level": "INFO", "message": "Preference changed: name=browser.copilot_chat_last_used_timestamp, new_value=\"13431823050424452\", source=sync"}
{"logTime": "0928/143525", "level": "INFO", "message": "Preference changed: name=ntp.quick_links_options, new_value=1, source=sync"}
{"logTime": "0928/143525", "level": "INFO", "message": "Preference changed: name=smart_explore.engagement_date, new_value=\"13426572466847042\", source=sync"}
{"logTime": "0928/143525", "level": "INFO", "message": "Preference changed: name=sync_profile_info.edge_san_consent_last_modified_date, new_value=\"13371621067403569\", source=sync"}
{"logTime": "0928/143525", "level": "INFO", "message": "Preference changed: name=browser.underside_chat_consent, new_value=1, source=sync"}
{"logTime": "0928/143525", "level": "INFO", "message": "Preference changed: name=collections.prism_collections.migration.accepted, new_value=true, source=sync"}
{"logTime": "0928/143525", "level": "INFO", "message": "Preference changed: name=ntp.feed_engagement_time, new_value=\"11646252666315000\", source=sync"}
{"logTime": "0928/143525", "level": "INFO", "message": "Preference changed: name=browser.show_hub_apps_tower_pinned, new_value=false, source=sync"}
{"logTime": "0928/143525", "level": "INFO", "message": "Preference changed: name=continuous_migration.active_guid, new_value=\"\", source=sync"}
{"logTime": "0928/143525", "level": "INFO", "message": "Preference changed: name=ntp.record_user_choices, new_value=[object], source=sync"}
{"logTime": "0928/143525", "level": "INFO", "message": "Preference changed: name=browser.hub_cleanup_context_v2, new_value=[object], source=sync"}
{"logTime": "0928/143525", "level": "INFO", "message": "Preference changed: name=profile.password_breach_scan_trigger_last_reset_time, new_value=\"13420672751202619\", source=sync"}
{"logTime": "0928/143525", "level": "INFO", "message": "Preference changed: name=browser.hub_cleanup_context, new_value=[object], source=sync"}
{"logTime": "0928/143525", "level": "INFO", "message": "Preference changed: name=profile.is_auto_save_experiment_user, new_value=true, source=sync"}
{"logTime": "0928/143525", "level": "INFO", "message": "Preference changed: name=reading_view.last_access_time, new_value=\"13428521802563404\", source=sync"}
{"logTime": "0928/143525", "level": "INFO", "message": "Preference changed: name=new_device_fre.imported_google_data, new_value=\"8\", source=sync"}
{"logTime": "0928/143525", "level": "INFO", "message": "Preference changed: name=edge.spaceworks.has_ever_used_spacework, new_value=true, source=sync"}
{"logTime": "0928/143525", "level": "INFO", "message": "Preference changed: name=browser.show_toolbar_spacework_button, new_value=false, source=sync"}
{"logTime": "0928/143525", "level": "INFO", "message": "Preference changed: name=instrumentation.ntp.layout_mode, new_value=\"extensions::NtpSettingsPrivateSetPrefFunction::Run;2\", source=sync"}
{"logTime": "0928/143525", "level": "INFO", "message": "Preference changed: name=should_read_incoming_syncing_theme_prefs, new_value=false, source=unknown"}
{"logTime": "0928/143525", "level": "INFO", "message": "Preference changed: name=sync.transport_data_per_account, new_value=[object], source=unknown"}
{"logTime": "0928/143525", "level": "INFO", "message": "Preference changed: name=sync.transport_data_per_account, new_value=[object], source=unknown"}
{"logTime": "0928/143525", "level": "INFO", "message": "Preference changed: name=sync.transport_data_per_account, new_value=[object], source=unknown"}
{"logTime": "0928/143525", "level": "INFO", "message": "Preference changed: name=collections.prism_collections.enabled, new_value=0, source=unknown"}
{"logTime": "0928/143525", "level": "INFO", "message": "Preference changed: name=browser.edge_sidebar_visibility, new_value=[object], source=unknown"}
{"logTime": "0928/143525", "level": "INFO", "message": "Preference changed: name=browser.edge_sidebar_visibility, new_value=[object], source=unknown"}
{"logTime": "0928/143526", "level": "INFO", "message": "Preference changed: name=sync.transport_data_per_account, new_value=[object], source=unknown"}
{"logTime": "0928/143526", "level": "INFO", "message": "Preference changed: name=sync.transport_data_per_account, new_value=[object], source=unknown"}
{"logTime": "0928/143526", "level": "INFO", "message": "Preference changed: name=sync.transport_data_per_account, new_value=[object], source=unknown"}
{"logTime": "0928/143526", "level": "INFO", "message": "Preference changed: name=sync.transport_data_per_account, new_value=[object], source=unknown"}
{"logTime": "0928/143527", "level": "INFO", "message": "Preference changed: name=edge.bookmarks.last_dup_info_record_time, new_value=\"13435079727030832\", source=unknown"}
{"logTime": "0928/143527", "level": "INFO", "message": "Preference changed: name=sync.transport_data_per_account, new_value=[object], source=unknown"}
{"logTime": "0928/143527", "level": "INFO", "message": "Preference changed: name=sync.transport_data_per_account, new_value=[object], source=unknown"}
{"logTime": "0928/143527", "level": "INFO", "message": "Preference changed: name=sync.transport_data_per_account, new_value=[object], source=unknown"}
{"logTime": "0928/143528", "level": "INFO", "message": "Preference changed: name=sync.transport_data_per_account, new_value=[object], source=unknown"}
{"logTime": "0928/143528", "level": "INFO", "message": "Preference changed: name=sync.transport_data_per_account, new_value=[object], source=unknown"}
{"logTime": "0928/143528", "level": "INFO", "message": "Preference changed: name=sync.transport_data_per_account, new_value=[object], source=unknown"}
{"logTime": "0928/143531", "level": "INFO", "message": "Preference changed: name=toolbar_declutter.undo.last_time, new_value=\"13435079731083009\", source=unknown"}
{"logTime": "0928/143531", "level": "INFO", "message": "Preference changed: name=toolbar_declutter.new_user_cleanup_triggered, new_value=true, source=unknown"}
{"logTime": "0928/143531", "level": "INFO", "message": "Preference changed: name=in_product_help.session_last_active_time, new_value=\"13435079725126191\", source=unknown"}
{"logTime": "0928/143531", "level": "INFO", "message": "PrefStore write completed: store=4, success=true"}
{"logTime": "0928/143533", "level": "INFO", "message": "Preference changed: name=extensions.settings, new_value=[object], source=unknown"}
{"logTime": "0928/143543", "level": "INFO", "message": "PrefStore write completed: store=4, success=true"}
{"logTime": "0928/143545", "level": "INFO", "message": "Preference changed: name=edge_wallet.passwords.password_lost_report_date, new_value=\"13435079745761722\", source=unknown"}
{"logTime": "0928/143545", "level": "INFO", "message": "Preference changed: name=profile.last_time_password_store_metrics_reported, new_value=1790606145.761988, source=unknown"}
{"logTime": "0928/143545", "level": "INFO", "message": "Preference changed: name=total_passwords_available_for_account, new_value=0, source=unknown"}
{"logTime": "0928/143545", "level": "INFO", "message": "Preference changed: name=total_passwords_available_for_profile, new_value=16, source=unknown"}
{"logTime": "0928/143546", "level": "INFO", "message": "Preference changed: name=in_product_help.session_last_active_time, new_value=\"13435079725131610\", source=unknown"}
{"logTime": "0928/143546", "level": "INFO", "message": "Preference changed: name=sync.device_statistics_timestamp, new_value=\"13435079746163614\", source=unknown"}
{"logTime": "0928/143555", "level": "INFO", "message": "PrefStore write completed: store=4, success=true"}
{"logTime": "0928/143602", "level": "INFO", "message": "Preference changed: name=profile.content_settings.exceptions.site_engagement, new_value=[object], source=unknown"}
{"logTime": "0928/143602", "level": "INFO", "message": "Preference changed: name=profile.last_engagement_time, new_value=\"13435079762963129\", source=unknown"}
{"logTime": "0928/143603", "level": "INFO", "message": "Preference changed: name=browser.window_placement, new_value=[object], source=unknown"}
{"logTime": "0928/143606", "level": "INFO", "message": "Preference changed: name=profile.observed_session_time, new_value=[object], source=unknown"}
{"logTime": "0928/143613", "level": "INFO", "message": "PrefStore write completed: store=4, success=true"}
{"logTime": "0928/143615", "level": "INFO", "message": "Preference changed: name=profile.last_time_obsolete_http_credentials_removed, new_value=1790606175.769456, source=unknown"}
{"logTime": "0928/143615", "level": "INFO", "message": "Preference changed: name=profile.were_old_google_logins_removed, new_value=true, source=unknown"}
{"logTime": "0928/143615", "level": "INFO", "message": "Preference changed: name=password_manager.account_store_migrated_to_os_crypt_async, new_value=true, source=unknown"}
{"logTime": "0928/143615", "level": "INFO", "message": "Preference changed: name=password_manager.account_store_backup_password_cleaning_last_timestamp, new_value=\"13435079775770573\", source=unknown"}
{"logTime": "0928/143615", "level": "INFO", "message": "Preference changed: name=profile.last_time_obsolete_http_credentials_removed, new_value=1790606175.776947, source=unknown"}
{"logTime": "0928/143615", "level": "INFO", "message": "Preference changed: name=password_manager.profile_store_migrated_to_os_crypt_async, new_value=true, source=unknown"}
{"logTime": "0928/143615", "level": "INFO", "message": "Preference changed: name=password_manager.profile_store_backup_password_cleaning_last_timestamp, new_value=\"13435079775987057\", source=unknown"}
{"logTime": "0928/143617", "level": "INFO", "message": "Preference changed: name=sync.transport_data_per_account, new_value=[object], source=unknown"}
{"logTime": "0928/143617", "level": "INFO", "message": "Preference changed: name=sync.transport_data_per_account, new_value=[object], source=unknown"}
{"logTime": "0928/143617", "level": "INFO", "message": "Preference changed: name=sync.transport_data_per_account, new_value=[object], source=unknown"}
{"logTime": "0928/143625", "level": "INFO", "message": "PrefStore write completed: store=4, success=true"}
{"logTime": "0928/143626", "level": "INFO", "message": "Preference changed: name=local_browser_data_share.pin_recommendations_eligible, new_value=false, source=unknown"}
{"logTime": "0928/143626", "level": "INFO", "message": "Preference changed: name=local_browser_data_share.index_last_cleaned_time, new_value=\"13435079786882496\", source=unknown"}
{"logTime": "0928/143636", "level": "INFO", "message": "PrefStore write completed: store=4, success=true"}
{"logTime": "0928/144015", "level": "INFO", "message": "Preference changed: name=app_defaults.dse_injp_pc_cleared, new_value=true, source=unknown"}
{"logTime": "0928/144015", "level": "INFO", "message": "Preference changed: name=safebrowsing.extension_telemetry_file_data, new_value=[object], source=unknown"}
{"logTime": "0928/144016", "level": "INFO", "message": "Preference changed: name=shopping.last_pwilo_api_fetch_time, new_value=\"13435080016539870\", source=unknown"}
{"logTime": "0928/144025", "level": "INFO", "message": "PrefStore write completed: store=4, success=true"}
{"logTime": "0928/145204", "level": "INFO", "message": "Preference changed: name=profile.exit_type, new_value=\"Normal\", source=unknown"}
{"logTime": "0928/145204", "level": "INFO", "message": "Preference changed: name=profile.edge_crash_exit_count, new_value=0, source=unknown"}
{"logTime": "0928/145204", "level": "INFO", "message": "Preference changed: name=profile.forced_shutdown_restart_apps, new_value=false, source=unknown"}
{"logTime": "0928/145204", "level": "INFO", "message": "Preference changed: name=sessions.event_log, new_value=[object], source=unknown"}
{"logTime": "0928/145204", "level": "INFO", "message": "Preference changed: name=tab_groups, new_value=[object], source=unknown"}
{"logTime": "0928/145204", "level": "INFO", "message": "Preference changed: name=sessions.session_data_status, new_value=5, source=unknown"}
{"logTime": "0928/145204", "level": "INFO", "message": "Preference changed: name=browser.time_of_last_normal_window_close, new_value=\"13435080724324367\", source=unknown"}
{"logTime": "0928/145204", "level": "INFO", "message": "Preference changed: name=profile.content_settings.exceptions.media_engagement, new_value=[object], source=unknown"}
{"logTime": "0928/145204", "level": "INFO", "message": "Preference changed: name=browser.time_of_last_normal_window_close, new_value=\"13435080724364176\", source=unknown"}
{"logTime": "0928/145204", "level": "INFO", "message": "Preference changed: name=browser.window_placement, new_value=[object], source=unknown"}
{"logTime": "0928/145204", "level": "INFO", "message": "Preference changed: name=browser.window_placement, new_value=[object], source=unknown"}
{"logTime": "0928/145204", "level": "INFO", "message": "Preference changed: name=edge.workspaces.state, new_value=\"{\\\"edgeWorkspacePrefsVersion\\\":2,\\\"enableFluid\\\":true,\\\"failedRestartSpaceId\\\":\\\"\\\",\\\"failedToConnectToFluid\\\":false,\\\"fluidMigrationStatus\\\":false,\\\"fluidStatus\\\":0,\\\"fre_shown\\\":false,\\\"fromCache\\\":false,\\\"isFluidPreferencesConnected\\\":false,\\\"isSpaceOpening\\\":false,\\\"openingSpaceId\\\":\\\"\\\",\\\"statusForScreenReaders\\\":\\\"\\\",\\\"workspacePopupMode\\\":0,\\\"workspacesForExternalLinks\\\":[]}\", source=unknown"}
{"logTime": "0928/145303", "level": "INFO", "message": "UserPrefStore loaded: error=NONE (0)"}
{"logTime": "0928/145303", "level": "INFO", "message": "Preference changed: name=optimization_guide.previously_registered_optimization_types, new_value=[object], source=unknown"}
{"logTime": "0928/145303", "level": "INFO", "message": "Preference changed: name=extensions.chrome_url_overrides, new_value=[object], source=unknown"}
{"logTime": "0928/145303", "level": "INFO", "message": "Preference changed: name=sessions.session_data_status, new_value=1, source=unknown"}
{"logTime": "0928/145303", "level": "INFO", "message": "Preference changed: name=sessions.event_log, new_value=[object], source=unknown"}
{"logTime": "0928/145303", "level": "INFO", "message": "Preference changed: name=optimization_guide.previously_registered_optimization_types, new_value=[object], source=unknown"}
{"logTime": "0928/145303", "level": "INFO", "message": "Preference changed: name=optimization_guide.previously_registered_optimization_types, new_value=[object], source=unknown"}
{"logTime": "0928/145303", "level": "INFO", "message": "Preference changed: name=optimization_guide.previously_registered_optimization_types, new_value=[object], source=unknown"}
{"logTime": "0928/145303", "level": "INFO", "message": "Preference changed: name=browser.edge_sidebar_visibility, new_value=[object], source=unknown"}
{"logTime": "0928/145303", "level": "INFO", "message": "Preference changed: name=browser.edge_sidebar_visibility, new_value=[object], source=unknown"}
{"logTime": "0928/145303", "level": "INFO", "message": "Preference changed: name=edge.workspaces.migration.last_state, new_value=9, source=unknown"}
{"logTime": "0928/145303", "level": "INFO", "message": "Preference changed: name=browser.show_toolbar_spacework_button, new_value=false, source=unknown"}
{"logTime": "0928/145303", "level": "INFO", "message": "Preference changed: name=optimization_guide.previously_registered_optimization_types, new_value=[object], source=unknown"}
{"logTime": "0928/145303", "level": "INFO", "message": "Preference changed: name=optimization_guide.previously_registered_optimization_types, new_value=[object], source=unknown"}
{"logTime": "0928/145303", "level": "INFO", "message": "Preference changed: name=edge_pinning_campaign.precomputed_campaign_data, new_value=[object], source=unknown"}
{"logTime": "0928/145303", "level": "INFO", "message": "Preference changed: name=profile.network_pbs, new_value=[object], source=unknown"}
{"logTime": "0928/145303", "level": "INFO", "message": "Preference changed: name=profile.password_hash_data_list, new_value=[object], source=unknown"}
{"logTime": "0928/145303", "level": "INFO", "message": "Preference changed: name=optimization_guide.previously_registered_optimization_types, new_value=[object], source=unknown"}
{"logTime": "0928/145304", "level": "INFO", "message": "Preference changed: name=in_product_help.session_last_active_time, new_value=\"13435080784087027\", source=unknown"}
{"logTime": "0928/145304", "level": "INFO", "message": "Preference changed: name=edge_rewards.hva_promotions, new_value=[object], source=unknown"}
{"logTime": "0928/145304", "level": "INFO", "message": "Preference changed: name=optimization_guide.previously_registered_optimization_types, new_value=[object], source=unknown"}
{"logTime": "0928/145304", "level": "INFO", "message": "Preference changed: name=collections.prism_collections.policy.cached, new_value=0, source=unknown"}
{"logTime": "0928/145304", "level": "INFO", "message": "Preference changed: name=profile.content_settings.exceptions.storage_access_header_origin_trial, new_value=[object], source=unknown"}
{"logTime": "0928/145304", "level": "INFO", "message": "Preference changed: name=edge_rewards.cache_data, new_value=\"CAA=\", source=unknown"}
{"logTime": "0928/145304", "level": "INFO", "message": "Preference changed: name=schedule_to_flush_to_disk, new_value=\"13435080784777474\", source=unknown"}
{"logTime": "0928/145304", "level": "INFO", "message": "Preference changed: name=edge.services.last_username, new_value=\"\", source=unknown"}
{"logTime": "0928/145304", "level": "INFO", "message": "Preference changed: name=google.services.last_signed_in_username, new_value=\"\", source=unknown"}
{"logTime": "0928/145304", "level": "INFO", "message": "Preference changed: name=schedule_to_flush_to_disk, new_value=\"0\", source=unknown"}
{"logTime": "0928/145304", "level": "INFO", "message": "Preference changed: name=edge.services.account_id, new_value=\"\", source=unknown"}
{"logTime": "0928/145304", "level": "INFO", "message": "Preference changed: name=extensions.settings, new_value=[object], source=unknown"}
{"logTime": "0928/145304", "level": "INFO", "message": "Preference changed: name=prefs.tracked_preferences_reset, new_value=[object], source=unknown"}
{"logTime": "0928/145304", "level": "INFO", "message": "Preference changed: name=prefs.preference_encrypted_reset_time, new_value=\"13435080784782824\", source=unknown"}
{"logTime": "0928/145304", "level": "INFO", "message": "Preference changed: name=prefs.preference_reset_time, new_value=\"13435080784782854\", source=unknown"}
{"logTime": "0928/145304", "level": "INFO", "message": "Preference changed: name=prefs.tracked_preferences_reset, new_value=[object], source=unknown"}
{"logTime": "0928/145304", "level": "INFO", "message": "Preference changed: name=account_info, new_value=[object], source=unknown"}
{"logTime": "0928/145304", "level": "INFO", "message": "Preference changed: name=safebrowsing.advanced_protection_last_refresh, new_value=\"13435080784785009\", source=unknown"}
{"logTime": "0928/145304", "level": "INFO", "message": "Preference changed: name=extensions.chrome_url_overrides, new_value=[object], source=unknown"}
{"logTime": "0928/145304", "level": "INFO", "message": "Preference changed: name=optimization_guide.previously_registered_optimization_types, new_value=[object], source=unknown"}
{"logTime": "0928/145304", "level": "INFO", "message": "Preference changed: name=profile.edge_user_with_non_zero_passwords, new_value=false, source=unknown"}
{"logTime": "0928/145304", "level": "INFO", "message": "Preference changed: name=profile.edge_user_with_non_zero_passwords, new_value=true, source=unknown"}
{"logTime": "0928/145304", "level": "INFO", "message": "Preference changed: name=smart_explore.on_image_hover, new_value=false, source=unknown"}
{"logTime": "0928/145304", "level": "INFO", "message": "Preference changed: name=sync.local_device_guids_with_timestamp, new_value=[object], source=unknown"}
{"logTime": "0928/145305", "level": "INFO", "message": "Preference changed: name=muid.values_seen, new_value=[object], source=unknown"}
{"logTime": "0928/145305", "level": "INFO", "message": "Preference changed: name=edge_rewards.hva_promotions, new_value=[object], source=unknown"}
{"logTime": "0928/145305", "level": "INFO", "message": "Preference changed: name=edge_rewards.hva_promotions, new_value=[object], source=unknown"}
{"logTime": "0928/145305", "level": "INFO", "message": "Preference changed: name=edge_rewards.cache_data, new_value=\"CAEQ6wE6IAkAAAAAAAAAABEAAAAAAAAAABkAAAAAAAAAACIDbXhuSgJteA==\", source=unknown"}
{"logTime": "0928/145308", "level": "INFO", "message": "Preference changed: name=profile.exit_type, new_value=\"Crashed\", source=unknown"}
{"logTime": "0928/145308", "level": "INFO", "message": "Preference changed: name=profile.content_settings.exceptions.site_engagement, new_value=[object], source=unknown"}
{"logTime": "0928/145308", "level": "INFO", "message": "Preference changed: name=profile.last_engagement_time, new_value=\"13435080788623542\", source=unknown"}
{"logTime": "0928/145313", "level": "INFO", "message": "PrefStore write completed: store=4, success=true"}
{"logTime": "0928/145313", "level": "INFO", "message": "PrefStore write completed: store=4, success=true"}
{"logTime": "0928/145313", "level": "INFO", "message": "Preference changed: name=browser.edge_sidebar_visibility, new_value=[object], source=unknown"}
{"logTime": "0928/145313", "level": "INFO", "message": "Preference changed: name=browser.edge_sidebar_visibility, new_value=[object], source=unknown"}
{"logTime": "0928/145314", "level": "INFO", "message": "Preference changed: name=sync.transport_data_per_account, new_value=[object], source=unknown"}
{"logTime": "0928/145314", "level": "INFO", "message": "Preference changed: name=sync.transport_data_per_account, new_value=[object], source=unknown"}
{"logTime": "0928/145314", "level": "INFO", "message": "Preference changed: name=sync.local_device_guids_with_timestamp, new_value=[object], source=unknown"}
{"logTime": "0928/145314", "level": "INFO", "message": "Preference changed: name=sync.local_device_guids_with_timestamp, new_value=[object], source=unknown"}
{"logTime": "0928/145314", "level": "INFO", "message": "Preference changed: name=sync.keystore_encryption_key_state, new_value=\"eyJkb3dubG9hZF9rZXlfcmVzdWx0Ijp0cnVlLCJleHBpcmF0aW9uX3RpbWUiOjE3OTA2OTM1OTQuODY2NTAzLCJodHRwX3Jlc3BvbnNlX2NvZGUiOjIwMCwia2V5X2NvdW50Ijo1LCJrZXlfdmFsaWRhdGlvbl90aW1lIjoxNzkwNjA2MTI0LjI4Nzc2NCwibmV0X2Vycm9yX2NvZGUiOjEsInByb2Nlc3Nfa2V5X3Jlc3VsdCI6MCwic2V0X2tleV9yZXN1bHQiOnRydWV9\", source=unknown"}
{"logTime": "0928/145315", "level": "INFO", "message": "Preference changed: name=sync.transport_data_per_account, new_value=[object], source=unknown"}
{"logTime": "0928/145315", "level": "INFO", "message": "Preference changed: name=sync.transport_data_per_account, new_value=[object], source=unknown"}
{"logTime": "0928/145315", "level": "INFO", "message": "Preference changed: name=sync.transport_data_per_account, new_value=[object], source=unknown"}
{"logTime": "0928/145315", "level": "INFO", "message": "Preference changed: name=sync.transport_data_per_account, new_value=[object], source=unknown"}
{"logTime": "0928/145315", "level": "INFO", "message": "Preference changed: name=sync.transport_data_per_account, new_value=[object], source=unknown"}
{"logTime": "0928/145315", "level": "INFO", "message": "Preference changed: name=sync.transport_data_per_account, new_value=[object], source=unknown"}
{"logTime": "0928/145319", "level": "INFO", "message": "Preference changed: name=in_product_help.session_last_active_time, new_value=\"13435080790092122\", source=unknown"}
{"logTime": "0928/145322", "level": "INFO", "message": "Preference changed: name=profile.password_breach_last_scanned_time, new_value=\"13435080795241734\", source=unknown"}
{"logTime": "0928/145322", "level": "INFO", "message": "Preference changed: name=profile.password_breach_last_scanned_error, new_value=0, source=unknown"}
{"logTime": "0928/145323", "level": "INFO", "message": "PrefStore write completed: store=4, success=true"}
{"logTime": "0928/145324", "level": "INFO", "message": "Preference changed: name=sync.transport_data_per_account, new_value=[object], source=unknown"}
{"logTime": "0928/145324", "level": "INFO", "message": "Preference changed: name=sync.transport_data_per_account, new_value=[object], source=unknown"}
{"logTime": "0928/145324", "level": "INFO", "message": "Preference changed: name=sync.transport_data_per_account, new_value=[object], source=unknown"}
{"logTime": "0928/145334", "level": "INFO", "message": "Preference changed: name=in_product_help.session_last_active_time, new_value=\"13435080802100400\", source=unknown"}
{"logTime": "0928/145334", "level": "INFO", "message": "PrefStore write completed: store=4, success=true"}
{"logTime": "0928/145336", "level": "INFO", "message": "Preference changed: name=profile.content_settings.exceptions.site_engagement, new_value=[object], source=unknown"}
{"logTime": "0928/145336", "level": "INFO", "message": "Preference changed: name=profile.last_engagement_time, new_value=\"13435080816664523\", source=unknown"}
{"logTime": "0928/145337", "level": "INFO", "message": "Preference changed: name=edge_pinning_campaign.precomputed_campaign_data, new_value=[object], source=unknown"}
{"logTime": "0928/145337", "level": "INFO", "message": "Preference changed: name=web_apps.did_migrate_default_chrome_apps, new_value=[object], source=unknown"}
{"logTime": "0928/145337", "level": "INFO", "message": "Preference changed: name=web_apps.did_migrate_default_chrome_apps, new_value=[object], source=unknown"}
{"logTime": "0928/145338", "level": "INFO", "message": "Preference changed: name=pinned_sites.pin_metadata, new_value=[object], source=unknown"}
{"logTime": "0928/145338", "level": "INFO", "message": "Preference changed: name=devtools.last_open_timestamp, new_value=\"13435080818924\", source=unknown"}
{"logTime": "0928/145339", "level": "INFO", "message": "Preference changed: name=devtools.preferences, new_value=[object], source=unknown"}
{"logTime": "0928/145339", "level": "INFO", "message": "Preference changed: name=devtools.synced_preferences_sync_disabled, new_value=[object], source=unknown"}
{"logTime": "0928/145339", "level": "INFO", "message": "Preference changed: name=devtools.preferences, new_value=[object], source=unknown"}
{"logTime": "0928/145339", "level": "INFO", "message": "Preference changed: name=devtools.synced_preferences_sync_disabled, new_value=[object], source=unknown"}
{"logTime": "0928/145339", "level": "INFO", "message": "Preference changed: name=devtools.preferences, new_value=[object], source=unknown"}
{"logTime": "0928/145339", "level": "INFO", "message": "Preference changed: name=devtools.preferences, new_value=[object], source=unknown"}
{"logTime": "0928/145339", "level": "INFO", "message": "Preference changed: name=devtools.preferences, new_value=[object], source=unknown"}
{"logTime": "0928/145339", "level": "INFO", "message": "Preference changed: name=devtools.preferences, new_value=[object], source=unknown"}
{"logTime": "0928/145339", "level": "INFO", "message": "Preference changed: name=devtools.preferences, new_value=[object], source=unknown"}
{"logTime": "0928/145339", "level": "INFO", "message": "Preference changed: name=devtools.preferences, new_value=[object], source=unknown"}
{"logTime": "0928/145339", "level": "INFO", "message": "Preference changed: name=devtools.preferences, new_value=[object], source=unknown"}
{"logTime": "0928/145339", "level": "INFO", "message": "Preference changed: name=devtools.preferences, new_value=[object], source=unknown"}
{"logTime": "0928/145339", "level": "INFO", "message": "Preference changed: name=devtools.preferences, new_value=[object], source=unknown"}
{"logTime": "0928/145339", "level": "INFO", "message": "Preference changed: name=devtools.preferences, new_value=[object], source=unknown"}
{"logTime": "0928/145339", "level": "INFO", "message": "Preference changed: name=devtools.preferences, new_value=[object], source=unknown"}
{"logTime": "0928/145339", "level": "INFO", "message": "Preference changed: name=devtools.preferences, new_value=[object], source=unknown"}
{"logTime": "0928/145339", "level": "INFO", "message": "Preference changed: name=devtools.synced_preferences_sync_disabled, new_value=[object], source=unknown"}
{"logTime": "0928/145340", "level": "INFO", "message": "Preference changed: name=devtools.preferences, new_value=[object], source=unknown"}
{"logTime": "0928/145340", "level": "INFO", "message": "Preference changed: name=devtools.preferences, new_value=[object], source=unknown"}
{"logTime": "0928/145341", "level": "INFO", "message": "Preference changed: name=extensions.settings, new_value=[object], source=unknown"}
{"logTime": "0928/145341", "level": "INFO", "message": "Preference changed: name=extensions.settings, new_value=[object], source=unknown"}
{"logTime": "0928/145341", "level": "INFO", "message": "Preference changed: name=extensions.settings, new_value=[object], source=unknown"}
{"logTime": "0928/145341", "level": "INFO", "message": "Preference changed: name=extensions.settings, new_value=[object], source=unknown"}
{"logTime": "0928/145341", "level": "INFO", "message": "Preference changed: name=extensions.settings, new_value=[object], source=unknown"}
{"logTime": "0928/145341", "level": "INFO", "message": "Preference changed: name=extensions.settings, new_value=[object], source=unknown"}
{"logTime": "0928/145341", "level": "INFO", "message": "Preference changed: name=extensions.settings, new_value=[object], source=unknown"}
{"logTime": "0928/145341", "level": "INFO", "message": "Preference changed: name=extensions.settings, new_value=[object], source=unknown"}
{"logTime": "0928/145341", "level": "INFO", "message": "Preference changed: name=extensions.settings, new_value=[object], source=unknown"}
{"logTime": "0928/145341", "level": "INFO", "message": "Preference changed: name=extensions.settings, new_value=[object], source=unknown"}
{"logTime": "0928/145341", "level": "INFO", "message": "Preference changed: name=extensions.settings, new_value=[object], source=unknown"}
{"logTime": "0928/145341", "level": "INFO", "message": "Preference changed: name=extensions.settings, new_value=[object], source=unknown"}
{"logTime": "0928/145341", "level": "INFO", "message": "Preference changed: name=extensions.settings, new_value=[object], source=unknown"}
{"logTime": "0928/145341", "level": "INFO", "message": "Preference changed: name=extensions.settings, new_value=[object], source=unknown"}
{"logTime": "0928/145341", "level": "INFO", "message": "Preference changed: name=extensions.settings, new_value=[object], source=unknown"}
{"logTime": "0928/145341", "level": "INFO", "message": "Preference changed: name=extensions.settings, new_value=[object], source=unknown"}
{"logTime": "0928/145341", "level": "INFO", "message": "Preference changed: name=extensions.settings, new_value=[object], source=unknown"}
{"logTime": "0928/145341", "level": "INFO", "message": "Preference changed: name=extensions.settings, new_value=[object], source=unknown"}
{"logTime": "0928/145341", "level": "INFO", "message": "Preference changed: name=extensions.settings, new_value=[object], source=unknown"}
{"logTime": "0928/145341", "level": "INFO", "message": "Preference changed: name=extensions.settings, new_value=[object], source=unknown"}
{"logTime": "0928/145342", "level": "INFO", "message": "Preference changed: name=devtools.preferences, new_value=[object], source=unknown"}
{"logTime": "0928/145342", "level": "INFO", "message": "Preference changed: name=extensions.settings, new_value=[object], source=unknown"}
{"logTime": "0928/145342", "level": "INFO", "message": "Preference changed: name=extensions.settings, new_value=[object], source=unknown"}
{"logTime": "0928/145342", "level": "INFO", "message": "Preference changed: name=extensions.settings, new_value=[object], source=unknown"}
{"logTime": "0928/145342", "level": "INFO", "message": "Preference changed: name=extensions.settings, new_value=[object], source=unknown"}
{"logTime": "0928/145342", "level": "INFO", "message": "Preference changed: name=extensions.settings, new_value=[object], source=unknown"}
{"logTime": "0928/145342", "level": "INFO", "message": "Preference changed: name=extensions.settings, new_value=[object], source=unknown"}
{"logTime": "0928/145342", "level": "INFO", "message": "Preference changed: name=extensions.settings, new_value=[object], source=unknown"}
{"logTime": "0928/145342", "level": "INFO", "message": "Preference changed: name=extensions.settings, new_value=[object], source=unknown"}
{"logTime": "0928/145342", "level": "INFO", "message": "Preference changed: name=extensions.settings, new_value=[object], source=unknown"}
{"logTime": "0928/145342", "level": "INFO", "message": "Preference changed: name=extensions.settings, new_value=[object], source=unknown"}
{"logTime": "0928/145342", "level": "INFO", "message": "Preference changed: name=extensions.settings, new_value=[object], source=unknown"}
{"logTime": "0928/145342", "level": "INFO", "message": "Preference changed: name=extensions.settings, new_value=[object], source=unknown"}
{"logTime": "0928/145342", "level": "INFO", "message": "Preference changed: name=extensions.settings, new_value=[object], source=unknown"}
{"logTime": "0928/145342", "level": "INFO", "message": "Preference changed: name=extensions.settings, new_value=[object], source=unknown"}
{"logTime": "0928/145342", "level": "INFO", "message": "Preference changed: name=extensions.settings, new_value=[object], source=unknown"}
{"logTime": "0928/145342", "level": "INFO", "message": "Preference changed: name=extensions.settings, new_value=[object], source=unknown"}
{"logTime": "0928/145342", "level": "INFO", "message": "Preference changed: name=devtools.preferences, new_value=[object], source=unknown"}
{"logTime": "0928/145342", "level": "INFO", "message": "Preference changed: name=extensions.microsoft_install_signature, new_value=[object], source=unknown"}
{"logTime": "0928/145342", "level": "INFO", "message": "Preference changed: name=devtools.preferences, new_value=[object], source=unknown"}
{"logTime": "0928/145342", "level": "INFO", "message": "Preference changed: name=extensions.microsoft_install_signature, new_value=[object], source=unknown"}
{"logTime": "0928/145347", "level": "INFO", "message": "Preference changed: name=autofill.upload_encoding_seed, new_value=\"0566924E91CFCA6428373F18AE2D0F2A\", source=unknown"}
{"logTime": "0928/145347", "level": "INFO", "message": "PrefStore write completed: store=4, success=true"}
{"logTime": "0928/145349", "level": "INFO", "message": "Preference changed: name=in_product_help.session_last_active_time, new_value=\"13435080826104092\", source=unknown"}
{"logTime": "0928/145351", "level": "INFO", "message": "PrefStore write completed: store=4, success=true"}
{"logTime": "0928/145351", "level": "INFO", "message": "Preference changed: name=profile.content_settings.exceptions.site_engagement, new_value=[object], source=unknown"}
{"logTime": "0928/145351", "level": "INFO", "message": "Preference changed: name=profile.last_engagement_time, new_value=\"13435080831638609\", source=unknown"}
{"logTime": "0928/145400", "level": "INFO", "message": "Preference changed: name=sessions.event_log, new_value=[object], source=unknown"}
{"logTime": "0928/145400", "level": "INFO", "message": "Preference changed: name=profile.exit_type, new_value=\"Normal\", source=unknown"}
{"logTime": "0928/145400", "level": "INFO", "message": "Preference changed: name=profile.content_settings.exceptions.media_engagement, new_value=[object], source=unknown"}
{"logTime": "0928/145400", "level": "INFO", "message": "Preference changed: name=browser.time_of_last_normal_window_close, new_value=\"13435080840947377\", source=unknown"}
{"logTime": "0928/145400", "level": "INFO", "message": "Preference changed: name=profile.observed_session_time, new_value=[object], source=unknown"}
{"logTime": "0928/145400", "level": "INFO", "message": "Preference changed: name=sessions.session_data_status, new_value=2, source=unknown"}
{"logTime": "0928/145400", "level": "INFO", "message": "Preference changed: name=sessions.session_data_status, new_value=3, source=unknown"}
{"logTime": "0928/145400", "level": "INFO", "message": "Preference changed: name=browser.window_placement, new_value=[object], source=unknown"}
{"logTime": "0928/145400", "level": "INFO", "message": "Preference changed: name=browser.window_placement, new_value=[object], source=unknown"}
{"logTime": "0928/145400", "level": "INFO", "message": "Preference changed: name=browser.window_placement, new_value=[object], source=unknown"}
{"logTime": "0928/170825", "level": "INFO", "message": "UserPrefStore loaded: error=NONE (0)"}
{"logTime": "0928/170825", "level": "INFO", "message": "Preference changed: name=optimization_guide.previously_registered_optimization_types, new_value=[object], source=unknown"}
{"logTime": "0928/170825", "level": "INFO", "message": "Preference changed: name=extensions.chrome_url_overrides, new_value=[object], source=unknown"}
{"logTime": "0928/170825", "level": "INFO", "message": "Preference changed: name=sessions.session_data_status, new_value=1, source=unknown"}
{"logTime": "0928/170825", "level": "INFO", "message": "Preference changed: name=sessions.event_log, new_value=[object], source=unknown"}
{"logTime": "0928/170825", "level": "INFO", "message": "Preference changed: name=optimization_guide.previously_registered_optimization_types, new_value=[object], source=unknown"}
{"logTime": "0928/170825", "level": "INFO", "message": "Preference changed: name=optimization_guide.previously_registered_optimization_types, new_value=[object], source=unknown"}
{"logTime": "0928/170825", "level": "INFO", "message": "Preference changed: name=optimization_guide.previously_registered_optimization_types, new_value=[object], source=unknown"}
{"logTime": "0928/170825", "level": "INFO", "message": "Preference changed: name=browser.edge_sidebar_visibility, new_value=[object], source=unknown"}
{"logTime": "0928/170825", "level": "INFO", "message": "Preference changed: name=browser.edge_sidebar_visibility, new_value=[object], source=unknown"}
{"logTime": "0928/170825", "level": "INFO", "message": "Preference changed: name=browser.show_toolbar_spacework_button, new_value=false, source=unknown"}
{"logTime": "0928/170825", "level": "INFO", "message": "Preference changed: name=optimization_guide.previously_registered_optimization_types, new_value=[object], source=unknown"}
{"logTime": "0928/170825", "level": "INFO", "message": "Preference changed: name=sync.edge_account_type, new_value=0, source=unknown"}
{"logTime": "0928/170825", "level": "INFO", "message": "Preference changed: name=sync.gaia_id, new_value=\"\", source=unknown"}
{"logTime": "0928/170825", "level": "INFO", "message": "Preference changed: name=sync.keystore_encryption_key_state, new_value=\"\", source=unknown"}
{"logTime": "0928/170825", "level": "INFO", "message": "Preference changed: name=sync.has_setup_completed, new_value=false, source=unknown"}
{"logTime": "0928/170825", "level": "INFO", "message": "Preference changed: name=sync.cached_passphrase_type, new_value=0, source=unknown"}
{"logTime": "0928/170825", "level": "INFO", "message": "Preference changed: name=sync.cached_trusted_vault_auto_upgrade_experiment_group, new_value=\"\", source=unknown"}
{"logTime": "0928/170825", "level": "INFO", "message": "Preference changed: name=sync.cached_persistent_auth_error, new_value=false, source=unknown"}
{"logTime": "0928/170825", "level": "INFO", "message": "Preference changed: name=optimization_guide.previously_registered_optimization_types, new_value=[object], source=unknown"}
{"logTime": "0928/170825", "level": "INFO", "message": "Preference changed: name=edge_pinning_campaign.precomputed_campaign_data, new_value=[object], source=unknown"}
{"logTime": "0928/170825", "level": "INFO", "message": "Preference changed: name=profile.network_pbs, new_value=[object], source=unknown"}
{"logTime": "0928/170825", "level": "INFO", "message": "Preference changed: name=extensions.settings, new_value=[object], source=unknown"}
{"logTime": "0928/170825", "level": "INFO", "message": "Preference changed: name=extensions.settings, new_value=[object], source=unknown"}
{"logTime": "0928/170825", "level": "INFO", "message": "Preference changed: name=extensions.settings, new_value=[object], source=unknown"}
{"logTime": "0928/170825", "level": "INFO", "message": "Preference changed: name=extensions.settings, new_value=[object], source=unknown"}
{"logTime": "0928/170825", "level": "INFO", "message": "Preference changed: name=extensions.settings, new_value=[object], source=unknown"}
{"logTime": "0928/170825", "level": "INFO", "message": "Preference changed: name=extensions.settings, new_value=[object], source=unknown"}
{"logTime": "0928/170825", "level": "INFO", "message": "Preference changed: name=extensions.settings, new_value=[object], source=unknown"}
{"logTime": "0928/170825", "level": "INFO", "message": "Preference changed: name=extensions.settings, new_value=[object], source=unknown"}
{"logTime": "0928/170825", "level": "INFO", "message": "Preference changed: name=extensions.settings, new_value=[object], source=unknown"}
{"logTime": "0928/170825", "level": "INFO", "message": "Preference changed: name=extensions.settings, new_value=[object], source=unknown"}
{"logTime": "0928/170825", "level": "INFO", "message": "Preference changed: name=extensions.settings, new_value=[object], source=unknown"}
{"logTime": "0928/170825", "level": "INFO", "message": "Preference changed: name=extensions.settings, new_value=[object], source=unknown"}
{"logTime": "0928/170825", "level": "INFO", "message": "Preference changed: name=extensions.settings, new_value=[object], source=unknown"}
{"logTime": "0928/170825", "level": "INFO", "message": "Preference changed: name=extensions.settings, new_value=[object], source=unknown"}
{"logTime": "0928/170825", "level": "INFO", "message": "Preference changed: name=extensions.settings, new_value=[object], source=unknown"}
{"logTime": "0928/170825", "level": "INFO", "message": "Preference changed: name=extensions.settings, new_value=[object], source=unknown"}
{"logTime": "0928/170825", "level": "INFO", "message": "Preference changed: name=extensions.settings, new_value=[object], source=unknown"}
{"logTime": "0928/170825", "level": "INFO", "message": "Preference changed: name=extensions.settings, new_value=[object], source=unknown"}
{"logTime": "0928/170825", "level": "INFO", "message": "Preference changed: name=extensions.settings, new_value=[object], source=unknown"}
{"logTime": "0928/170825", "level": "INFO", "message": "Preference changed: name=extensions.settings, new_value=[object], source=unknown"}
{"logTime": "0928/170825", "level": "INFO", "message": "Preference changed: name=extensions.settings, new_value=[object], source=unknown"}
{"logTime": "0928/170825", "level": "INFO", "message": "Preference changed: name=extensions.settings, new_value=[object], source=unknown"}
{"logTime": "0928/170825", "level": "INFO", "message": "Preference changed: name=extensions.settings, new_value=[object], source=unknown"}
{"logTime": "0928/170825", "level": "INFO", "message": "Preference changed: name=extensions.settings, new_value=[object], source=unknown"}
{"logTime": "0928/170825", "level": "INFO", "message": "Preference changed: name=extensions.settings, new_value=[object], source=unknown"}
{"logTime": "0928/170825", "level": "INFO", "message": "Preference changed: name=extensions.settings, new_value=[object], source=unknown"}
{"logTime": "0928/170825", "level": "INFO", "message": "Preference changed: name=extensions.settings, new_value=[object], source=unknown"}
{"logTime": "0928/170825", "level": "INFO", "message": "Preference changed: name=extensions.settings, new_value=[object], source=unknown"}
{"logTime": "0928/170825", "level": "INFO", "message": "Preference changed: name=extensions.settings, new_value=[object], source=unknown"}
{"logTime": "0928/170825", "level": "INFO", "message": "Preference changed: name=extensions.settings, new_value=[object], source=unknown"}
{"logTime": "0928/170825", "level": "INFO", "message": "Preference changed: name=extensions.settings, new_value=[object], source=unknown"}
{"logTime": "0928/170825", "level": "INFO", "message": "Preference changed: name=extensions.settings, new_value=[object], source=unknown"}
{"logTime": "0928/170825", "level": "INFO", "message": "Preference changed: name=extensions.settings, new_value=[object], source=unknown"}
{"logTime": "0928/170825", "level": "INFO", "message": "Preference changed: name=extensions.settings, new_value=[object], source=unknown"}
{"logTime": "0928/170825", "level": "INFO", "message": "Preference changed: name=extensions.settings, new_value=[object], source=unknown"}
{"logTime": "0928/170825", "level": "INFO", "message": "Preference changed: name=extensions.settings, new_value=[object], source=unknown"}
{"logTime": "0928/170825", "level": "INFO", "message": "Preference changed: name=extensions.settings, new_value=[object], source=unknown"}
{"logTime": "0928/170825", "level": "INFO", "message": "Preference changed: name=extensions.settings, new_value=[object], source=unknown"}
{"logTime": "0928/170825", "level": "INFO", "message": "Preference changed: name=extensions.settings, new_value=[object], source=unknown"}
{"logTime": "0928/170825", "level": "INFO", "message": "Preference changed: name=extensions.settings, new_value=[object], source=unknown"}
{"logTime": "0928/170825", "level": "INFO", "message": "Preference changed: name=extensions.settings, new_value=[object], source=unknown"}
{"logTime": "0928/170825", "level": "INFO", "message": "Preference changed: name=extensions.settings, new_value=[object], source=unknown"}
{"logTime": "0928/170825", "level": "INFO", "message": "Preference changed: name=extensions.settings, new_value=[object], source=unknown"}
{"logTime": "0928/170825", "level": "INFO", "message": "Preference changed: name=extensions.settings, new_value=[object], source=unknown"}
{"logTime": "0928/170825", "level": "INFO", "message": "Preference changed: name=extensions.settings, new_value=[object], source=unknown"}
{"logTime": "0928/170825", "level": "INFO", "message": "Preference changed: name=extensions.settings, new_value=[object], source=unknown"}
{"logTime": "0928/170825", "level": "INFO", "message": "Preference changed: name=extensions.settings, new_value=[object], source=unknown"}
{"logTime": "0928/170825", "level": "INFO", "message": "Preference changed: name=extensions.settings, new_value=[object], source=unknown"}
{"logTime": "0928/170825", "level": "INFO", "message": "Preference changed: name=extensions.settings, new_value=[object], source=unknown"}
{"logTime": "0928/170825", "level": "INFO", "message": "Preference changed: name=extensions.settings, new_value=[object], source=unknown"}
{"logTime": "0928/170825", "level": "INFO", "message": "Preference changed: name=extensions.settings, new_value=[object], source=unknown"}
{"logTime": "0928/170825", "level": "INFO", "message": "Preference changed: name=extensions.settings, new_value=[object], source=unknown"}
{"logTime": "0928/170825", "level": "INFO", "message": "Preference changed: name=extensions.settings, new_value=[object], source=unknown"}
{"logTime": "0928/170825", "level": "INFO", "message": "Preference changed: name=extensions.settings, new_value=[object], source=unknown"}
{"logTime": "0928/170825", "level": "INFO", "message": "Preference changed: name=extensions.settings, new_value=[object], source=unknown"}
{"logTime": "0928/170825", "level": "INFO", "message": "Preference changed: name=extensions.settings, new_value=[object], source=unknown"}
{"logTime": "0928/170825", "level": "INFO", "message": "Preference changed: name=extensions.settings, new_value=[object], source=unknown"}
{"logTime": "0928/170825", "level": "INFO", "message": "Preference changed: name=extensions.settings, new_value=[object], source=unknown"}
{"logTime": "0928/170825", "level": "INFO", "message": "Preference changed: name=extensions.settings, new_value=[object], source=unknown"}
{"logTime": "0928/170825", "level": "INFO", "message": "Preference changed: name=extensions.settings, new_value=[object], source=unknown"}
{"logTime": "0928/170825", "level": "INFO", "message": "Preference changed: name=extensions.settings, new_value=[object], source=unknown"}
{"logTime": "0928/170825", "level": "INFO", "message": "Preference changed: name=extensions.settings, new_value=[object], source=unknown"}
{"logTime": "0928/170825", "level": "INFO", "message": "Preference changed: name=extensions.settings, new_value=[object], source=unknown"}
{"logTime": "0928/170825", "level": "INFO", "message": "Preference changed: name=extensions.settings, new_value=[object], source=unknown"}
{"logTime": "0928/170825", "level": "INFO", "message": "Preference changed: name=extensions.settings, new_value=[object], source=unknown"}
{"logTime": "0928/170825", "level": "INFO", "message": "Preference changed: name=extensions.settings, new_value=[object], source=unknown"}
{"logTime": "0928/170825", "level": "INFO", "message": "Preference changed: name=extensions.settings, new_value=[object], source=unknown"}
{"logTime": "0928/170825", "level": "INFO", "message": "Preference changed: name=extensions.settings, new_value=[object], source=unknown"}
{"logTime": "0928/170825", "level": "INFO", "message": "Preference changed: name=extensions.settings, new_value=[object], source=unknown"}
{"logTime": "0928/170825", "level": "INFO", "message": "Preference changed: name=extensions.settings, new_value=[object], source=unknown"}
{"logTime": "0928/170825", "level": "INFO", "message": "Preference changed: name=extensions.settings, new_value=[object], source=unknown"}
{"logTime": "0928/170825", "level": "INFO", "message": "Preference changed: name=extensions.settings, new_value=[object], source=unknown"}
{"logTime": "0928/170825", "level": "INFO", "message": "Preference changed: name=extensions.settings, new_value=[object], source=unknown"}
{"logTime": "0928/170825", "level": "INFO", "message": "Preference changed: name=extensions.settings, new_value=[object], source=unknown"}
{"logTime": "0928/170825", "level": "INFO", "message": "Preference changed: name=extensions.settings, new_value=[object], source=unknown"}
{"logTime": "0928/170825", "level": "INFO", "message": "Preference changed: name=extensions.settings, new_value=[object], source=unknown"}
{"logTime": "0928/170825", "level": "INFO", "message": "Preference changed: name=extensions.settings, new_value=[object], source=unknown"}
{"logTime": "0928/170825", "level": "INFO", "message": "Preference changed: name=extensions.settings, new_value=[object], source=unknown"}
{"logTime": "0928/170825", "level": "INFO", "message": "Preference changed: name=extensions.settings, new_value=[object], source=unknown"}
{"logTime": "0928/170825", "level": "INFO", "message": "Preference changed: name=extensions.settings, new_value=[object], source=unknown"}
{"logTime": "0928/170825", "level": "INFO", "message": "Preference changed: name=extensions.settings, new_value=[object], source=unknown"}
{"logTime": "0928/170825", "level": "INFO", "message": "Preference changed: name=extensions.settings, new_value=[object], source=unknown"}
{"logTime": "0928/170825", "level": "INFO", "message": "Preference changed: name=extensions.settings, new_value=[object], source=unknown"}
{"logTime": "0928/170825", "level": "INFO", "message": "Preference changed: name=extensions.settings, new_value=[object], source=unknown"}
{"logTime": "0928/170825", "level": "INFO", "message": "Preference changed: name=extensions.settings, new_value=[object], source=unknown"}
{"logTime": "0928/170825", "level": "INFO", "message": "Preference changed: name=extensions.settings, new_value=[object], source=unknown"}
{"logTime": "0928/170825", "level": "INFO", "message": "Preference changed: name=extensions.settings, new_value=[object], source=unknown"}
{"logTime": "0928/170825", "level": "INFO", "message": "Preference changed: name=extensions.settings, new_value=[object], source=unknown"}
{"logTime": "0928/170825", "level": "INFO", "message": "Preference changed: name=extensions.settings, new_value=[object], source=unknown"}
{"logTime": "0928/170825", "level": "INFO", "message": "Preference changed: name=extensions.settings, new_value=[object], source=unknown"}
{"logTime": "0928/170825", "level": "INFO", "message": "Preference changed: name=extensions.settings, new_value=[object], source=unknown"}
{"logTime": "0928/170825", "level": "INFO", "message": "Preference changed: name=extensions.settings, new_value=[object], source=unknown"}
{"logTime": "0928/170825", "level": "INFO", "message": "Preference changed: name=extensions.settings, new_value=[object], source=unknown"}
{"logTime": "0928/170825", "level": "INFO", "message": "Preference changed: name=extension.installed_extension_count, new_value=11, source=unknown"}
{"logTime": "0928/170825", "level": "INFO", "message": "Preference changed: name=extensions.commands, new_value=[object], source=unknown"}
{"logTime": "0928/170825", "level": "INFO", "message": "Preference changed: name=extensions.settings, new_value=[object], source=unknown"}
{"logTime": "0928/170825", "level": "INFO", "message": "Preference changed: name=extensions.commands, new_value=[object], source=unknown"}
{"logTime": "0928/170825", "level": "INFO", "message": "Preference changed: name=extensions.settings, new_value=[object], source=unknown"}
{"logTime": "0928/170825", "level": "INFO", "message": "Preference changed: name=profile.password_hash_data_list, new_value=[object], source=unknown"}
{"logTime": "0928/170825", "level": "INFO", "message": "Preference changed: name=optimization_guide.previously_registered_optimization_types, new_value=[object], source=unknown"}
{"logTime": "0928/170825", "level": "INFO", "message": "Preference changed: name=in_product_help.session_last_active_time, new_value=\"13435088905676912\", source=unknown"}
{"logTime": "0928/170825", "level": "INFO", "message": "Preference changed: name=edge_rewards.hva_promotions, new_value=[object], source=unknown"}
{"logTime": "0928/170825", "level": "INFO", "message": "Preference changed: name=optimization_guide.previously_registered_optimization_types, new_value=[object], source=unknown"}
{"logTime": "0928/170825", "level": "INFO", "message": "Preference changed: name=profile.content_settings.exceptions.storage_access_header_origin_trial, new_value=[object], source=unknown"}
{"logTime": "0928/170825", "level": "INFO", "message": "Preference changed: name=edge_rewards.cache_data, new_value=\"CAA=\", source=unknown"}
{"logTime": "0928/170826", "level": "INFO", "message": "Preference changed: name=schedule_to_flush_to_disk, new_value=\"13435088906160742\", source=unknown"}
{"logTime": "0928/170826", "level": "INFO", "message": "Preference changed: name=extensions.settings, new_value=[object], source=unknown"}
{"logTime": "0928/170826", "level": "INFO", "message": "Preference changed: name=prefs.preference_reset_time, new_value=\"0\", source=unknown"}
{"logTime": "0928/170826", "level": "INFO", "message": "Preference changed: name=prefs.tracked_preferences_reset, new_value=[object], source=unknown"}
{"logTime": "0928/170826", "level": "INFO", "message": "Preference changed: name=prefs.preference_encrypted_reset_time, new_value=\"13435088906165422\", source=unknown"}
{"logTime": "0928/170826", "level": "INFO", "message": "Preference changed: name=prefs.preference_reset_time, new_value=\"13435088906165467\", source=unknown"}
{"logTime": "0928/170826", "level": "INFO", "message": "Preference changed: name=prefs.tracked_preferences_reset, new_value=[object], source=unknown"}
{"logTime": "0928/170826", "level": "INFO", "message": "Preference changed: name=account_info, new_value=[object], source=unknown"}
{"logTime": "0928/170826", "level": "INFO", "message": "Preference changed: name=extensions.settings, new_value=[object], source=unknown"}
{"logTime": "0928/170826", "level": "INFO", "message": "Preference changed: name=extensions.settings, new_value=[object], source=unknown"}
{"logTime": "0928/170826", "level": "INFO", "message": "Preference changed: name=extensions.settings, new_value=[object], source=unknown"}
{"logTime": "0928/170826", "level": "INFO", "message": "Preference changed: name=extensions.settings, new_value=[object], source=unknown"}
{"logTime": "0928/170826", "level": "INFO", "message": "Preference changed: name=extensions.settings, new_value=[object], source=unknown"}
{"logTime": "0928/170826", "level": "INFO", "message": "Preference changed: name=extensions.settings, new_value=[object], source=unknown"}
{"logTime": "0928/170826", "level": "INFO", "message": "Preference changed: name=extensions.settings, new_value=[object], source=unknown"}
{"logTime": "0928/170826", "level": "INFO", "message": "Preference changed: name=extensions.settings, new_value=[object], source=unknown"}
{"logTime": "0928/170826", "level": "INFO", "message": "Preference changed: name=extensions.settings, new_value=[object], source=unknown"}
{"logTime": "0928/170826", "level": "INFO", "message": "Preference changed: name=extensions.settings, new_value=[object], source=unknown"}
{"logTime": "0928/170826", "level": "INFO", "message": "Preference changed: name=extensions.settings, new_value=[object], source=unknown"}
{"logTime": "0928/170826", "level": "INFO", "message": "Preference changed: name=extensions.settings, new_value=[object], source=unknown"}
{"logTime": "0928/170826", "level": "INFO", "message": "Preference changed: name=extensions.settings, new_value=[object], source=unknown"}
{"logTime": "0928/170826", "level": "INFO", "message": "Preference changed: name=extensions.settings, new_value=[object], source=unknown"}
{"logTime": "0928/170826", "level": "INFO", "message": "Preference changed: name=extensions.settings, new_value=[object], source=unknown"}
{"logTime": "0928/170826", "level": "INFO", "message": "Preference changed: name=extensions.settings, new_value=[object], source=unknown"}
{"logTime": "0928/170826", "level": "INFO", "message": "Preference changed: name=extensions.settings, new_value=[object], source=unknown"}
{"logTime": "0928/170826", "level": "INFO", "message": "Preference changed: name=extensions.settings, new_value=[object], source=unknown"}
{"logTime": "0928/170826", "level": "INFO", "message": "Preference changed: name=extensions.chrome_url_overrides, new_value=[object], source=unknown"}
{"logTime": "0928/170826", "level": "INFO", "message": "Preference changed: name=optimization_guide.previously_registered_optimization_types, new_value=[object], source=unknown"}
{"logTime": "0928/170826", "level": "INFO", "message": "Preference changed: name=profile.content_settings.exceptions.site_engagement, new_value=[object], source=unknown"}
{"logTime": "0928/170826", "level": "INFO", "message": "Preference changed: name=profile.content_settings.exceptions.site_engagement, new_value=[object], source=unknown"}
{"logTime": "0928/170826", "level": "INFO", "message": "Preference changed: name=profile.content_settings.exceptions.site_engagement, new_value=[object], source=unknown"}
{"logTime": "0928/170826", "level": "INFO", "message": "Preference changed: name=profile.content_settings.exceptions.site_engagement, new_value=[object], source=unknown"}
{"logTime": "0928/170826", "level": "INFO", "message": "Preference changed: name=profile.content_settings.exceptions.site_engagement, new_value=[object], source=unknown"}
{"logTime": "0928/170826", "level": "INFO", "message": "Preference changed: name=profile.content_settings.exceptions.site_engagement, new_value=[object], source=unknown"}
{"logTime": "0928/170826", "level": "INFO", "message": "Preference changed: name=profile.last_engagement_time, new_value=\"13435088906363883\", source=unknown"}
{"logTime": "0928/170826", "level": "INFO", "message": "Preference changed: name=history_clusters.short_cache, new_value=[object], source=unknown"}
{"logTime": "0928/170826", "level": "INFO", "message": "Preference changed: name=history_clusters.all_cache, new_value=[object], source=unknown"}
{"logTime": "0928/170826", "level": "INFO", "message": "Preference changed: name=profile.content_settings.exceptions.site_engagement, new_value=[object], source=unknown"}
{"logTime": "0928/170826", "level": "INFO", "message": "Preference changed: name=profile.content_settings.exceptions.site_engagement, new_value=[object], source=unknown"}
{"logTime": "0928/170826", "level": "INFO", "message": "Preference changed: name=profile.last_engagement_time, new_value=\"13435088906384230\", source=unknown"}
{"logTime": "0928/170826", "level": "INFO", "message": "Preference changed: name=profile.last_engagement_time, new_value=\"13435088906395550\", source=unknown"}
{"logTime": "0928/170826", "level": "INFO", "message": "Preference changed: name=profile.content_settings.exceptions.site_engagement, new_value=[object], source=unknown"}
{"logTime": "0928/170826", "level": "INFO", "message": "Preference changed: name=profile.last_engagement_time, new_value=\"13435088906403022\", source=unknown"}
{"logTime": "0928/170826", "level": "INFO", "message": "Preference changed: name=profile.content_settings.exceptions.site_engagement, new_value=[object], source=unknown"}
{"logTime": "0928/170826", "level": "INFO", "message": "Preference changed: name=profile.content_settings.exceptions.site_engagement, new_value=[object], source=unknown"}
{"logTime": "0928/170826", "level": "INFO", "message": "Preference changed: name=profile.content_settings.exceptions.site_engagement, new_value=[object], source=unknown"}
{"logTime": "0928/170826", "level": "INFO", "message": "Preference changed: name=profile.content_settings.exceptions.site_engagement, new_value=[object], source=unknown"}
{"logTime": "0928/170826", "level": "INFO", "message": "Preference changed: name=profile.content_settings.exceptions.site_engagement, new_value=[object], source=unknown"}
{"logTime": "0928/170826", "level": "INFO", "message": "Preference changed: name=profile.content_settings.exceptions.site_engagement, new_value=[object], source=unknown"}
{"logTime": "0928/170826", "level": "INFO", "message": "Preference changed: name=profile.content_settings.exceptions.site_engagement, new_value=[object], source=unknown"}
{"logTime": "0928/170826", "level": "INFO", "message": "Preference changed: name=profile.last_engagement_time, new_value=\"13435088906411239\", source=unknown"}
{"logTime": "0928/170826", "level": "INFO", "message": "Preference changed: name=profile.edge_user_with_non_zero_passwords, new_value=false, source=unknown"}
{"logTime": "0928/170826", "level": "INFO", "message": "Preference changed: name=profile.edge_user_with_non_zero_passwords, new_value=true, source=unknown"}
{"logTime": "0928/170826", "level": "INFO", "message": "Preference changed: name=safebrowsing.unhandled_sync_password_reuses, new_value=[object], source=unknown"}
{"logTime": "0928/170826", "level": "INFO", "message": "Preference changed: name=safebrowsing.unhandled_sync_password_reuses, new_value=[object], source=unknown"}
{"logTime": "0928/170826", "level": "INFO", "message": "Preference changed: name=safebrowsing.unhandled_sync_password_reuses, new_value=[object], source=unknown"}
{"logTime": "0928/170826", "level": "INFO", "message": "Preference changed: name=safebrowsing.unhandled_sync_password_reuses, new_value=[object], source=unknown"}
{"logTime": "0928/170826", "level": "INFO", "message": "Preference changed: name=safebrowsing.unhandled_sync_password_reuses, new_value=[object], source=unknown"}
{"logTime": "0928/170826", "level": "INFO", "message": "Preference changed: name=smart_explore.on_image_hover, new_value=false, source=unknown"}
{"logTime": "0928/170826", "level": "INFO", "message": "Preference changed: name=extensions.settings, new_value=[object], source=unknown"}
{"logTime": "0928/170826", "level": "INFO", "message": "Preference changed: name=extensions.settings, new_value=[object], source=unknown"}
{"logTime": "0928/170826", "level": "INFO", "message": "Preference changed: name=extensions.settings, new_value=[object], source=unknown"}
{"logTime": "0928/170827", "level": "INFO", "message": "Preference changed: name=extensions.microsoft_install_signature, new_value=[object], source=unknown"}
{"logTime": "0928/170827", "level": "INFO", "message": "Preference changed: name=extensions.microsoft_install_signature, new_value=[object], source=unknown"}
{"logTime": "0928/170827", "level": "INFO", "message": "Preference changed: name=extensions.settings, new_value=[object], source=unknown"}
{"logTime": "0928/170827", "level": "INFO", "message": "Preference changed: name=extensions.settings, new_value=[object], source=unknown"}
{"logTime": "0928/170827", "level": "INFO", "message": "Preference changed: name=extensions.settings, new_value=[object], source=unknown"}
{"logTime": "0928/170827", "level": "INFO", "message": "Preference changed: name=extensions.settings, new_value=[object], source=unknown"}
{"logTime": "0928/170829", "level": "INFO", "message": "Preference changed: name=profile.exit_type, new_value=\"Crashed\", source=unknown"}
{"logTime": "0928/170829", "level": "INFO", "message": "Preference changed: name=profile.content_settings.exceptions.site_engagement, new_value=[object], source=unknown"}
{"logTime": "0928/170829", "level": "INFO", "message": "Preference changed: name=profile.last_engagement_time, new_value=\"13435088909752017\", source=unknown"}
{"logTime": "0928/170829", "level": "INFO", "message": "Preference changed: name=account_info, new_value=[object], source=unknown"}
{"logTime": "0928/170829", "level": "INFO", "message": "Preference changed: name=edge.account_type, new_value=1, source=unknown"}
{"logTime": "0928/170829", "level": "INFO", "message": "Preference changed: name=edge.services.account_id, new_value=\"307ffe8518d26c26\", source=unknown"}
{"logTime": "0928/170829", "level": "INFO", "message": "Preference changed: name=google.services.consented_to_sync, new_value=true, source=unknown"}
{"logTime": "0928/170829", "level": "INFO", "message": "Preference changed: name=google.services.last_signed_in_username, new_value=\"jesusmendozamaquez611@gmail.com\", source=unknown"}
{"logTime": "0928/170829", "level": "INFO", "message": "Preference changed: name=edge.services.last_username, new_value=\"jesusmendozamaquez611@gmail.com\", source=unknown"}
{"logTime": "0928/170829", "level": "INFO", "message": "Preference changed: name=edge.profile_matches_os_primary_account, new_value=false, source=unknown"}
{"logTime": "0928/170829", "level": "INFO", "message": "Preference changed: name=signin.accounts_metadata_dict, new_value=[object], source=unknown"}
{"logTime": "0928/170829", "level": "INFO", "message": "Preference changed: name=edge_copilot.msa_eligibility_info, new_value=[object], source=unknown"}
{"logTime": "0928/170829", "level": "INFO", "message": "Preference changed: name=safebrowsing.advanced_protection_last_refresh, new_value=\"13435088909779946\", source=unknown"}
{"logTime": "0928/170829", "level": "INFO", "message": "Preference changed: name=google.services.signin.LAST_SIGNIN_ACCESS_POINT.time, new_value=\"2026-09-28T17:08:29.781Z\", source=unknown"}
{"logTime": "0928/170829", "level": "INFO", "message": "Preference changed: name=sync.edge_account_type, new_value=1, source=unknown"}
{"logTime": "0928/170829", "level": "INFO", "message": "Preference changed: name=edge_rewards.referral_hash, new_value=\"\", source=unknown"}
{"logTime": "0928/170829", "level": "INFO", "message": "Preference changed: name=edge_rewards.user_is_conscious, new_value=false, source=unknown"}
{"logTime": "0928/170829", "level": "INFO", "message": "Preference changed: name=sync.has_setup_completed, new_value=true, source=unknown"}
{"logTime": "0928/170829", "level": "INFO", "message": "PrefStore write completed: store=4, success=true"}
{"logTime": "0928/170829", "level": "INFO", "message": "PrefStore write completed: store=4, success=true"}
{"logTime": "0928/170829", "level": "INFO", "message": "Preference changed: name=sync.cached_persistent_auth_error, new_value=false, source=unknown"}
{"logTime": "0928/170829", "level": "INFO", "message": "PrefStore write completed: store=4, success=true"}
{"logTime": "0928/170830", "level": "INFO", "message": "PrefStore write completed: store=4, success=true"}
{"logTime": "0928/170830", "level": "INFO", "message": "Preference changed: name=muid.values_seen, new_value=[object], source=unknown"}
{"logTime": "0928/170830", "level": "INFO", "message": "Preference changed: name=edge_copilot.msa_eligibility_info, new_value=[object], source=unknown"}
{"logTime": "0928/170830", "level": "INFO", "message": "Preference changed: name=edge_rewards.hva_promotions, new_value=[object], source=unknown"}
{"logTime": "0928/170830", "level": "INFO", "message": "Preference changed: name=edge_rewards.hva_promotions, new_value=[object], source=unknown"}
{"logTime": "0928/170830", "level": "INFO", "message": "Preference changed: name=edge_rewards.user_is_conscious, new_value=true, source=unknown"}
{"logTime": "0928/170830", "level": "INFO", "message": "Preference changed: name=edge_rewards.cache_data, new_value=\"CAEQ6wFKAm14\", source=unknown"}
{"logTime": "0928/170830", "level": "INFO", "message": "Preference changed: name=edge_pinning_campaign.precomputed_campaign_data, new_value=[object], source=unknown"}
{"logTime": "0928/170830", "level": "INFO", "message": "Preference changed: name=web_apps.did_migrate_default_chrome_apps, new_value=[object], source=unknown"}
{"logTime": "0928/170830", "level": "INFO", "message": "Preference changed: name=web_apps.did_migrate_default_chrome_apps, new_value=[object], source=unknown"}
{"logTime": "0928/170830", "level": "INFO", "message": "Preference changed: name=edge_rewards.referral_hash, new_value=\"6F8EF599\", source=unknown"}
{"logTime": "0928/170831", "level": "INFO", "message": "Preference changed: name=safebrowsing.advanced_protection_last_refresh, new_value=\"13435088911060436\", source=unknown"}
{"logTime": "0928/170831", "level": "INFO", "message": "Preference changed: name=account_info, new_value=[object], source=unknown"}
{"logTime": "0928/170831", "level": "INFO", "message": "Preference changed: name=pinned_sites.pin_metadata, new_value=[object], source=unknown"}
{"logTime": "0928/170831", "level": "INFO", "message": "Preference changed: name=sync.cached_passphrase_type, new_value=2, source=unknown"}
{"logTime": "0928/170831", "level": "INFO", "message": "Preference changed: name=sync.transport_data_per_account, new_value=[object], source=unknown"}
{"logTime": "0928/170831", "level": "INFO", "message": "Preference changed: name=sync.transport_data_per_account, new_value=[object], source=unknown"}
{"logTime": "0928/170831", "level": "INFO", "message": "Preference changed: name=sync.cached_trusted_vault_auto_upgrade_experiment_group, new_value=\"\", source=unknown"}
{"logTime": "0928/170831", "level": "INFO", "message": "Preference changed: name=sync.local_device_guids_with_timestamp, new_value=[object], source=unknown"}
{"logTime": "0928/170831", "level": "INFO", "message": "Preference changed: name=sync.local_device_guids_with_timestamp, new_value=[object], source=unknown"}
{"logTime": "0928/170832", "level": "INFO", "message": "Preference changed: name=sync.keystore_encryption_key_state, new_value=\"eyJkb3dubG9hZF9rZXlfcmVzdWx0Ijp0cnVlLCJleHBpcmF0aW9uX3RpbWUiOjE3OTA3MDE3MTIuMTk3MTc5LCJodHRwX3Jlc3BvbnNlX2NvZGUiOjIwMCwia2V5X2NvdW50Ijo1LCJrZXlfdmFsaWRhdGlvbl90aW1lIjowLjAsIm5ldF9lcnJvcl9jb2RlIjoxLCJwcm9jZXNzX2tleV9yZXN1bHQiOjAsInNldF9rZXlfcmVzdWx0Ijp0cnVlfQ==\", source=unknown"}
{"logTime": "0928/170833", "level": "INFO", "message": "Preference changed: name=sync.transport_data_per_account, new_value=[object], source=unknown"}
{"logTime": "0928/170833", "level": "INFO", "message": "Preference changed: name=sync.transport_data_per_account, new_value=[object], source=unknown"}
{"logTime": "0928/170833", "level": "INFO", "message": "Preference changed: name=sync.transport_data_per_account, new_value=[object], source=unknown"}
{"logTime": "0928/170833", "level": "INFO", "message": "Preference changed: name=sync.keystore_encryption_key_state, new_value=\"eyJkb3dubG9hZF9rZXlfcmVzdWx0Ijp0cnVlLCJleHBpcmF0aW9uX3RpbWUiOjE3OTA3MDE3MTIuMTk3MTc5LCJodHRwX3Jlc3BvbnNlX2NvZGUiOjIwMCwia2V5X2NvdW50Ijo1LCJrZXlfdmFsaWRhdGlvbl90aW1lIjoxNzkwNjE1MzEzLjc4MzIxOSwibmV0X2Vycm9yX2NvZGUiOjEsInByb2Nlc3Nfa2V5X3Jlc3VsdCI6MCwic2V0X2tleV9yZXN1bHQiOnRydWV9\", source=unknown"}
{"logTime": "0928/170835", "level": "INFO", "message": "Preference changed: name=browser.edge_sidebar_visibility, new_value=[object], source=unknown"}
{"logTime": "0928/170835", "level": "INFO", "message": "Preference changed: name=browser.edge_sidebar_visibility, new_value=[object], source=unknown"}
{"logTime": "0928/170836", "level": "INFO", "message": "Preference changed: name=sync.local_data_out_of_sync, new_value=true, source=unknown"}
{"logTime": "0928/170836", "level": "INFO", "message": "Preference changed: name=sync.transport_data_per_account, new_value=[object], source=unknown"}
{"logTime": "0928/170836", "level": "INFO", "message": "Preference changed: name=sync.transport_data_per_account, new_value=[object], source=unknown"}
{"logTime": "0928/170836", "level": "INFO", "message": "Preference changed: name=sync.transport_data_per_account, new_value=[object], source=unknown"}
{"logTime": "0928/170839", "level": "INFO", "message": "Preference changed: name=sync.transport_data_per_account, new_value=[object], source=unknown"}
{"logTime": "0928/170839", "level": "INFO", "message": "Preference changed: name=sync.transport_data_per_account, new_value=[object], source=unknown"}
{"logTime": "0928/170839", "level": "INFO", "message": "Preference changed: name=sync.transport_data_per_account, new_value=[object], source=unknown"}
{"logTime": "0928/170839", "level": "INFO", "message": "PrefStore write completed: store=4, success=true"}
{"logTime": "0928/170840", "level": "INFO", "message": "Preference changed: name=sync.transport_data_per_account, new_value=[object], source=unknown"}
{"logTime": "0928/170840", "level": "INFO", "message": "Preference changed: name=sync.transport_data_per_account, new_value=[object], source=unknown"}
{"logTime": "0928/170840", "level": "INFO", "message": "Preference changed: name=sync.transport_data_per_account, new_value=[object], source=unknown"}
{"logTime": "0928/170840", "level": "INFO", "message": "Preference changed: name=profile.password_breach_last_scanned_time, new_value=\"13435088913967360\", source=unknown"}
{"logTime": "0928/170841", "level": "INFO", "message": "Preference changed: name=extensions.settings, new_value=[object], source=unknown"}
{"logTime": "0928/170842", "level": "INFO", "message": "Preference changed: name=sync.transport_data_per_account, new_value=[object], source=unknown"}
{"logTime": "0928/170842", "level": "INFO", "message": "Preference changed: name=sync.transport_data_per_account, new_value=[object], source=unknown"}
{"logTime": "0928/170842", "level": "INFO", "message": "Preference changed: name=sync.transport_data_per_account, new_value=[object], source=unknown"}
{"logTime": "0928/170846", "level": "INFO", "message": "Preference changed: name=sync.local_data_out_of_sync, new_value=false, source=unknown"}
{"logTime": "0928/170850", "level": "INFO", "message": "PrefStore write completed: store=4, success=true"}
{"logTime": "0928/170851", "level": "INFO", "message": "PrefStore write completed: store=4, success=true"}
{"logTime": "0928/171003", "level": "INFO", "message": "Preference changed: name=sync.transport_data_per_account, new_value=[object], source=unknown"}
{"logTime": "0928/171003", "level": "INFO", "message": "Preference changed: name=sync.transport_data_per_account, new_value=[object], source=unknown"}
{"logTime": "0928/171003", "level": "INFO", "message": "Preference changed: name=sync.transport_data_per_account, new_value=[object], source=unknown"}
{"logTime": "0928/171004", "level": "INFO", "message": "Preference changed: name=sync.transport_data_per_account, new_value=[object], source=unknown"}
{"logTime": "0928/171004", "level": "INFO", "message": "Preference changed: name=sync.transport_data_per_account, new_value=[object], source=unknown"}
{"logTime": "0928/171004", "level": "INFO", "message": "Preference changed: name=sync.transport_data_per_account, new_value=[object], source=unknown"}
{"logTime": "0928/171013", "level": "INFO", "message": "PrefStore write completed: store=4, success=true"}
{"logTime": "0928/171109", "level": "INFO", "message": "Preference changed: name=arbitration_using_experiment_config, new_value=false, source=unknown"}
{"logTime": "0928/171112", "level": "INFO", "message": "Preference changed: name=browser.edge_sidebar_visibility_debug, new_value=[object], source=unknown"}
{"logTime": "0928/171112", "level": "INFO", "message": "Preference changed: name=extensions.settings, new_value=[object], source=unknown"}
{"logTime": "0928/171112", "level": "INFO", "message": "Preference changed: name=extensions.settings, new_value=[object], source=unknown"}
{"logTime": "0928/171112", "level": "INFO", "message": "Preference changed: name=extensions.settings, new_value=[object], source=unknown"}
{"logTime": "0928/171112", "level": "INFO", "message": "Preference changed: name=extensions.settings, new_value=[object], source=unknown"}
{"logTime": "0928/171112", "level": "INFO", "message": "Preference changed: name=extensions.settings, new_value=[object], source=unknown"}
{"logTime": "0928/171112", "level": "INFO", "message": "Preference changed: name=extensions.settings, new_value=[object], source=unknown"}
{"logTime": "0928/171112", "level": "INFO", "message": "Preference changed: name=extensions.settings, new_value=[object], source=unknown"}
{"logTime": "0928/171112", "level": "INFO", "message": "Preference changed: name=extensions.settings, new_value=[object], source=unknown"}
{"logTime": "0928/171112", "level": "INFO", "message": "Preference changed: name=extensions.settings, new_value=[object], source=unknown"}
{"logTime": "0928/171112", "level": "INFO", "message": "Preference changed: name=extensions.settings, new_value=[object], source=unknown"}
{"logTime": "0928/171112", "level": "INFO", "message": "Preference changed: name=extensions.settings, new_value=[object], source=unknown"}
{"logTime": "0928/171112", "level": "INFO", "message": "Preference changed: name=extensions.settings, new_value=[object], source=unknown"}
{"logTime": "0928/171112", "level": "INFO", "message": "Preference changed: name=extensions.settings, new_value=[object], source=unknown"}
{"logTime": "0928/171112", "level": "INFO", "message": "Preference changed: name=extensions.settings, new_value=[object], source=unknown"}
{"logTime": "0928/171112", "level": "INFO", "message": "Preference changed: name=extensions.settings, new_value=[object], source=unknown"}
{"logTime": "0928/171112", "level": "INFO", "message": "Preference changed: name=extensions.settings, new_value=[object], source=unknown"}
{"logTime": "0928/171112", "level": "INFO", "message": "Preference changed: name=extensions.settings, new_value=[object], source=unknown"}
{"logTime": "0928/171112", "level": "INFO", "message": "Preference changed: name=extensions.settings, new_value=[object], source=unknown"}
{"logTime": "0928/171112", "level": "INFO", "message": "Preference changed: name=extensions.settings, new_value=[object], source=unknown"}
{"logTime": "0928/171112", "level": "INFO", "message": "Preference changed: name=extensions.settings, new_value=[object], source=unknown"}
{"logTime": "0928/171112", "level": "INFO", "message": "Preference changed: name=extensions.settings, new_value=[object], source=unknown"}
{"logTime": "0928/171112", "level": "INFO", "message": "Preference changed: name=extensions.settings, new_value=[object], source=unknown"}
{"logTime": "0928/171112", "level": "INFO", "message": "Preference changed: name=extensions.settings, new_value=[object], source=unknown"}
{"logTime": "0928/171112", "level": "INFO", "message": "Preference changed: name=extensions.settings, new_value=[object], source=unknown"}
{"logTime": "0928/171112", "level": "INFO", "message": "Preference changed: name=extensions.settings, new_value=[object], source=unknown"}
{"logTime": "0928/171112", "level": "INFO", "message": "Preference changed: name=extensions.settings, new_value=[object], source=unknown"}
{"logTime": "0928/171112", "level": "INFO", "message": "Preference changed: name=extensions.settings, new_value=[object], source=unknown"}
{"logTime": "0928/171112", "level": "INFO", "message": "Preference changed: name=extensions.settings, new_value=[object], source=unknown"}
{"logTime": "0928/171112", "level": "INFO", "message": "Preference changed: name=extensions.settings, new_value=[object], source=unknown"}
{"logTime": "0928/171112", "level": "INFO", "message": "Preference changed: name=extensions.settings, new_value=[object], source=unknown"}
{"logTime": "0928/171112", "level": "INFO", "message": "Preference changed: name=extensions.settings, new_value=[object], source=unknown"}
{"logTime": "0928/171112", "level": "INFO", "message": "Preference changed: name=extensions.settings, new_value=[object], source=unknown"}
{"logTime": "0928/171112", "level": "INFO", "message": "Preference changed: name=extensions.settings, new_value=[object], source=unknown"}
{"logTime": "0928/171112", "level": "INFO", "message": "Preference changed: name=extensions.settings, new_value=[object], source=unknown"}
{"logTime": "0928/171112", "level": "INFO", "message": "Preference changed: name=extensions.settings, new_value=[object], source=unknown"}
{"logTime": "0928/171112", "level": "INFO", "message": "Preference changed: name=extensions.settings, new_value=[object], source=unknown"}
{"logTime": "0928/171112", "level": "INFO", "message": "Preference changed: name=extensions.settings, new_value=[object], source=unknown"}
{"logTime": "0928/171112", "level": "INFO", "message": "Preference changed: name=extensions.settings, new_value=[object], source=unknown"}
{"logTime": "0928/171112", "level": "INFO", "message": "Preference changed: name=extensions.settings, new_value=[object], source=unknown"}
{"logTime": "0928/171112", "level": "INFO", "message": "Preference changed: name=extensions.settings, new_value=[object], source=unknown"}
{"logTime": "0928/171112", "level": "INFO", "message": "Preference changed: name=extensions.settings, new_value=[object], source=unknown"}
{"logTime": "0928/171112", "level": "INFO", "message": "Preference changed: name=extensions.settings, new_value=[object], source=unknown"}
{"logTime": "0928/171112", "level": "INFO", "message": "Preference changed: name=extensions.settings, new_value=[object], source=unknown"}
{"logTime": "0928/171112", "level": "INFO", "message": "Preference changed: name=extensions.settings, new_value=[object], source=unknown"}
{"logTime": "0928/171112", "level": "INFO", "message": "Preference changed: name=extensions.settings, new_value=[object], source=unknown"}
{"logTime": "0928/171112", "level": "INFO", "message": "Preference changed: name=extensions.settings, new_value=[object], source=unknown"}
{"logTime": "0928/171112", "level": "INFO", "message": "Preference changed: name=extensions.settings, new_value=[object], source=unknown"}
{"logTime": "0928/171112", "level": "INFO", "message": "Preference changed: name=extensions.settings, new_value=[object], source=unknown"}
{"logTime": "0928/171112", "level": "INFO", "message": "Preference changed: name=extensions.settings, new_value=[object], source=unknown"}
{"logTime": "0928/171112", "level": "INFO", "message": "Preference changed: name=extensions.settings, new_value=[object], source=unknown"}
{"logTime": "0928/171112", "level": "INFO", "message": "Preference changed: name=extensions.settings, new_value=[object], source=unknown"}
{"logTime": "0928/171112", "level": "INFO", "message": "Preference changed: name=extensions.settings, new_value=[object], source=unknown"}
{"logTime": "0928/171112", "level": "INFO", "message": "Preference changed: name=extensions.settings, new_value=[object], source=unknown"}
{"logTime": "0928/171112", "level": "INFO", "message": "Preference changed: name=extensions.settings, new_value=[object], source=unknown"}
{"logTime": "0928/171112", "level": "INFO", "message": "Preference changed: name=extensions.settings, new_value=[object], source=unknown"}
{"logTime": "0928/171112", "level": "INFO", "message": "Preference changed: name=extensions.settings, new_value=[object], source=unknown"}
{"logTime": "0928/171112", "level": "INFO", "message": "Preference changed: name=extensions.settings, new_value=[object], source=unknown"}
{"logTime": "0928/171112", "level": "INFO", "message": "Preference changed: name=extensions.settings, new_value=[object], source=unknown"}
{"logTime": "0928/171112", "level": "INFO", "message": "Preference changed: name=extensions.settings, new_value=[object], source=unknown"}
{"logTime": "0928/171112", "level": "INFO", "message": "Preference changed: name=extensions.settings, new_value=[object], source=unknown"}
{"logTime": "0928/171112", "level": "INFO", "message": "Preference changed: name=extensions.settings, new_value=[object], source=unknown"}
{"logTime": "0928/171112", "level": "INFO", "message": "Preference changed: name=extensions.settings, new_value=[object], source=unknown"}
{"logTime": "0928/171112", "level": "INFO", "message": "Preference changed: name=extensions.settings, new_value=[object], source=unknown"}
{"logTime": "0928/171112", "level": "INFO", "message": "Preference changed: name=extensions.settings, new_value=[object], source=unknown"}
{"logTime": "0928/171112", "level": "INFO", "message": "Preference changed: name=extensions.settings, new_value=[object], source=unknown"}
{"logTime": "0928/171112", "level": "INFO", "message": "Preference changed: name=extensions.settings, new_value=[object], source=unknown"}
{"logTime": "0928/171112", "level": "INFO", "message": "Preference changed: name=extensions.settings, new_value=[object], source=unknown"}
{"logTime": "0928/171112", "level": "INFO", "message": "Preference changed: name=extensions.settings, new_value=[object], source=unknown"}
{"logTime": "0928/171112", "level": "INFO", "message": "Preference changed: name=extensions.settings, new_value=[object], source=unknown"}
{"logTime": "0928/171112", "level": "INFO", "message": "Preference changed: name=extensions.settings, new_value=[object], source=unknown"}
{"logTime": "0928/171112", "level": "INFO", "message": "Preference changed: name=extensions.settings, new_value=[object], source=unknown"}
{"logTime": "0928/171112", "level": "INFO", "message": "Preference changed: name=extensions.settings, new_value=[object], source=unknown"}
{"logTime": "0928/171112", "level": "INFO", "message": "Preference changed: name=extensions.settings, new_value=[object], source=unknown"}
{"logTime": "0928/171112", "level": "INFO", "message": "Preference changed: name=extensions.settings, new_value=[object], source=unknown"}
{"logTime": "0928/171112", "level": "INFO", "message": "Preference changed: name=extensions.settings, new_value=[object], source=unknown"}
{"logTime": "0928/171112", "level": "INFO", "message": "Preference changed: name=extensions.settings, new_value=[object], source=unknown"}
{"logTime": "0928/171112", "level": "INFO", "message": "Preference changed: name=extensions.settings, new_value=[object], source=unknown"}
{"logTime": "0928/171112", "level": "INFO", "message": "Preference changed: name=extensions.settings, new_value=[object], source=unknown"}
{"logTime": "0928/171112", "level": "INFO", "message": "Preference changed: name=extensions.settings, new_value=[object], source=unknown"}
{"logTime": "0928/171112", "level": "INFO", "message": "Preference changed: name=extensions.settings, new_value=[object], source=unknown"}
{"logTime": "0928/171112", "level": "INFO", "message": "Preference changed: name=extensions.settings, new_value=[object], source=unknown"}
{"logTime": "0928/171112", "level": "INFO", "message": "Preference changed: name=extensions.settings, new_value=[object], source=unknown"}
{"logTime": "0928/171112", "level": "INFO", "message": "Preference changed: name=extensions.settings, new_value=[object], source=unknown"}
{"logTime": "0928/171112", "level": "INFO", "message": "Preference changed: name=extensions.settings, new_value=[object], source=unknown"}
{"logTime": "0928/171112", "level": "INFO", "message": "Preference changed: name=extensions.settings, new_value=[object], source=unknown"}
{"logTime": "0928/171112", "level": "INFO", "message": "Preference changed: name=extensions.settings, new_value=[object], source=unknown"}
{"logTime": "0928/171112", "level": "INFO", "message": "Preference changed: name=extensions.settings, new_value=[object], source=unknown"}
{"logTime": "0928/171112", "level": "INFO", "message": "Preference changed: name=extensions.settings, new_value=[object], source=unknown"}
{"logTime": "0928/171112", "level": "INFO", "message": "Preference changed: name=extensions.settings, new_value=[object], source=unknown"}
{"logTime": "0928/171112", "level": "INFO", "message": "Preference changed: name=extensions.settings, new_value=[object], source=unknown"}
{"logTime": "0928/171112", "level": "INFO", "message": "Preference changed: name=extensions.settings, new_value=[object], source=unknown"}
{"logTime": "0928/171112", "level": "INFO", "message": "Preference changed: name=extensions.settings, new_value=[object], source=unknown"}
{"logTime": "0928/171112", "level": "INFO", "message": "Preference changed: name=extensions.settings, new_value=[object], source=unknown"}
{"logTime": "0928/171112", "level": "INFO", "message": "Preference changed: name=extensions.settings, new_value=[object], source=unknown"}
{"logTime": "0928/171112", "level": "INFO", "message": "Preference changed: name=extensions.settings, new_value=[object], source=unknown"}
{"logTime": "0928/171112", "level": "INFO", "message": "Preference changed: name=extensions.settings, new_value=[object], source=unknown"}
{"logTime": "0928/171112", "level": "INFO", "message": "Preference changed: name=extensions.settings, new_value=[object], source=unknown"}
{"logTime": "0928/171112", "level": "INFO", "message": "Preference changed: name=extensions.settings, new_value=[object], source=unknown"}
{"logTime": "0928/171112", "level": "INFO", "message": "Preference changed: name=extensions.settings, new_value=[object], source=unknown"}
{"logTime": "0928/171112", "level": "INFO", "message": "Preference changed: name=extensions.settings, new_value=[object], source=unknown"}
{"logTime": "0928/171112", "level": "INFO", "message": "Preference changed: name=extensions.settings, new_value=[object], source=unknown"}
{"logTime": "0928/171112", "level": "INFO", "message": "Preference changed: name=extensions.settings, new_value=[object], source=unknown"}
{"logTime": "0928/171112", "level": "INFO", "message": "Preference changed: name=extensions.settings, new_value=[object], source=unknown"}
{"logTime": "0928/171112", "level": "INFO", "message": "Preference changed: name=extensions.settings, new_value=[object], source=unknown"}
{"logTime": "0928/171112", "level": "INFO", "message": "Preference changed: name=extensions.settings, new_value=[object], source=unknown"}
{"logTime": "0928/171112", "level": "INFO", "message": "Preference changed: name=extensions.settings, new_value=[object], source=unknown"}
{"logTime": "0928/171112", "level": "INFO", "message": "Preference changed: name=extensions.settings, new_value=[object], source=unknown"}
{"logTime": "0928/171112", "level": "INFO", "message": "Preference changed: name=extensions.settings, new_value=[object], source=unknown"}
{"logTime": "0928/171112", "level": "INFO", "message": "Preference changed: name=extensions.settings, new_value=[object], source=unknown"}
{"logTime": "0928/171112", "level": "INFO", "message": "Preference changed: name=extensions.settings, new_value=[object], source=unknown"}
{"logTime": "0928/171112", "level": "INFO", "message": "Preference changed: name=browser.hub_app_non_synced_preferences, new_value=[object], source=unknown"}
{"logTime": "0928/171112", "level": "INFO", "message": "Preference changed: name=browser.hub_app_non_synced_preferences, new_value=[object], source=unknown"}
{"logTime": "0928/171112", "level": "INFO", "message": "Preference changed: name=browser.hub_app_non_synced_preferences, new_value=[object], source=unknown"}
{"logTime": "0928/171112", "level": "INFO", "message": "Preference changed: name=browser.hub_app_non_synced_preferences, new_value=[object], source=unknown"}
{"logTime": "0928/171112", "level": "INFO", "message": "Preference changed: name=browser.hub_app_non_synced_preferences, new_value=[object], source=unknown"}
{"logTime": "0928/171112", "level": "INFO", "message": "Preference changed: name=browser.hub_app_non_synced_preferences, new_value=[object], source=unknown"}
{"logTime": "0928/171112", "level": "INFO", "message": "Preference changed: name=browser.hub_app_non_synced_preferences, new_value=[object], source=unknown"}
{"logTime": "0928/171112", "level": "INFO", "message": "Preference changed: name=browser.hub_app_non_synced_preferences, new_value=[object], source=unknown"}
{"logTime": "0928/171112", "level": "INFO", "message": "Preference changed: name=browser.hub_app_non_synced_preferences, new_value=[object], source=unknown"}
{"logTime": "0928/171112", "level": "INFO", "message": "Preference changed: name=browser.hub_app_non_synced_preferences, new_value=[object], source=unknown"}
{"logTime": "0928/171112", "level": "INFO", "message": "Preference changed: name=browser.hub_app_non_synced_preferences, new_value=[object], source=unknown"}
{"logTime": "0928/171112", "level": "INFO", "message": "Preference changed: name=browser.hub_app_non_synced_preferences, new_value=[object], source=unknown"}
{"logTime": "0928/171112", "level": "INFO", "message": "Preference changed: name=browser.hub_app_non_synced_preferences, new_value=[object], source=unknown"}
{"logTime": "0928/171112", "level": "INFO", "message": "Preference changed: name=browser.hub_app_non_synced_preferences, new_value=[object], source=unknown"}
{"logTime": "0928/171112", "level": "INFO", "message": "Preference changed: name=browser.hub_app_non_synced_preferences, new_value=[object], source=unknown"}
{"logTime": "0928/171112", "level": "INFO", "message": "Preference changed: name=browser.hub_app_non_synced_preferences, new_value=[object], source=unknown"}
{"logTime": "0928/171112", "level": "INFO", "message": "Preference changed: name=browser.hub_app_non_synced_preferences, new_value=[object], source=unknown"}
{"logTime": "0928/171112", "level": "INFO", "message": "Preference changed: name=browser.hub_app_non_synced_preferences, new_value=[object], source=unknown"}
{"logTime": "0928/171112", "level": "INFO", "message": "Preference changed: name=browser.hub_app_non_synced_preferences, new_value=[object], source=unknown"}
{"logTime": "0928/171112", "level": "INFO", "message": "Preference changed: name=browser.hub_app_non_synced_preferences, new_value=[object], source=unknown"}
{"logTime": "0928/171112", "level": "INFO", "message": "Preference changed: name=browser.hub_app_non_synced_preferences, new_value=[object], source=unknown"}
{"logTime": "0928/171112", "level": "INFO", "message": "Preference changed: name=browser.hub_app_non_synced_preferences, new_value=[object], source=unknown"}
{"logTime": "0928/171112", "level": "INFO", "message": "Preference changed: name=browser.hub_cleanup_candidate_list_for_debug, new_value=[object], source=unknown"}
{"logTime": "0928/171112", "level": "INFO", "message": "Preference changed: name=browser.hub_cleanup_candidate_list_for_debug, new_value=[object], source=unknown"}
{"logTime": "0928/171119", "level": "INFO", "message": "PrefStore write completed: store=4, success=true"}
{"logTime": "0928/171122", "level": "INFO", "message": "PrefStore write completed: store=4, success=true"}
{"logTime": "0928/171228", "level": "INFO", "message": "Preference changed: name=smart_explore.auto_cleanup.check_time, new_value=\"13435089148500773\", source=unknown"}
{"logTime": "0928/171238", "level": "INFO", "message": "PrefStore write completed: store=4, success=true"}
{"logTime": "0928/171312", "level": "INFO", "message": "Preference changed: name=browser.show_hub_app_in_sidebar_buttons_legacy_update_time, new_value=\"13435089192815680\", source=unknown"}
{"logTime": "0928/171312", "level": "INFO", "message": "Preference changed: name=browser.show_hub_app_in_sidebar_buttons_legacy, new_value=[object], source=unknown"}
{"logTime": "0928/171322", "level": "INFO", "message": "PrefStore write completed: store=4, success=true"}
{"logTime": "0928/171325", "level": "INFO", "message": "Preference changed: name=safebrowsing.extension_telemetry_file_data, new_value=[object], source=unknown"}
{"logTime": "0928/171335", "level": "INFO", "message": "PrefStore write completed: store=4, success=true"}
{"logTime": "0928/171640", "level": "INFO", "message": "Preference changed: name=in_product_help.session_last_active_time, new_value=\"13435089400954206\", source=unknown"}
{"logTime": "0928/171641", "level": "INFO", "message": "Preference changed: name=profile.content_settings.exceptions.site_engagement, new_value=[object], source=unknown"}
{"logTime": "0928/171641", "level": "INFO", "message": "Preference changed: name=profile.last_engagement_time, new_value=\"13435089401630426\", source=unknown"}
{"logTime": "0928/171655", "level": "INFO", "message": "Preference changed: name=in_product_help.session_last_active_time, new_value=\"13435089407967104\", source=unknown"}
{"logTime": "0928/171751", "level": "INFO", "message": "Preference changed: name=profile.content_settings.exceptions.site_engagement, new_value=[object], source=unknown"}
{"logTime": "0928/171751", "level": "INFO", "message": "Preference changed: name=profile.last_engagement_time, new_value=\"13435089471834308\", source=unknown"}
{"logTime": "0928/171756", "level": "INFO", "message": "Preference changed: name=in_product_help.session_last_active_time, new_value=\"13435089473000569\", source=unknown"}
{"logTime": "0928/171811", "level": "INFO", "message": "Preference changed: name=in_product_help.session_last_active_time, new_value=\"13435089473006817\", source=unknown"}
{"logTime": "0928/172151", "level": "INFO", "message": "Preference changed: name=profile.content_settings.exceptions.site_engagement, new_value=[object], source=unknown"}
{"logTime": "0928/172151", "level": "INFO", "message": "Preference changed: name=profile.last_engagement_time, new_value=\"13435089711054965\", source=unknown"}
{"logTime": "0928/172156", "level": "INFO", "message": "Preference changed: name=in_product_help.session_last_active_time, new_value=\"13435089713127436\", source=unknown"}
{"logTime": "0928/172211", "level": "INFO", "message": "Preference changed: name=in_product_help.session_last_active_time, new_value=\"13435089713136450\", source=unknown"}
{"logTime": "0928/172508", "level": "INFO", "message": "Preference changed: name=browser.window_placement, new_value=[object], source=unknown"}
{"logTime": "0928/172511", "level": "INFO", "message": "Preference changed: name=profile.observed_session_time, new_value=[object], source=unknown"}
{"logTime": "0928/172518", "level": "INFO", "message": "PrefStore write completed: store=4, success=true"}
{"logTime": "0928/173744", "level": "INFO", "message": "Preference changed: name=profile.content_settings.exceptions.site_engagement, new_value=[object], source=unknown"}
{"logTime": "0928/173744", "level": "INFO", "message": "Preference changed: name=profile.last_engagement_time, new_value=\"13435090664661043\", source=unknown"}
{"logTime": "0928/173745", "level": "INFO", "message": "Preference changed: name=browser.window_placement, new_value=[object], source=unknown"}
{"logTime": "0928/173755", "level": "INFO", "message": "PrefStore write completed: store=4, success=true"}
{"logTime": "0928/173757", "level": "INFO", "message": "Preference changed: name=in_product_help.session_last_active_time, new_value=\"13435090673470097\", source=unknown"}
{"logTime": "0928/173812", "level": "INFO", "message": "Preference changed: name=in_product_help.session_last_active_time, new_value=\"13435090673473536\", source=unknown"}
{"logTime": "0928/173826", "level": "INFO", "message": "Preference changed: name=browser.window_placement, new_value=[object], source=unknown"}
{"logTime": "0928/173837", "level": "INFO", "message": "PrefStore write completed: store=4, success=true"}
{"logTime": "0928/173844", "level": "INFO", "message": "Preference changed: name=sync.transport_data_per_account, new_value=[object], source=unknown"}
{"logTime": "0928/173844", "level": "INFO", "message": "Preference changed: name=sync.transport_data_per_account, new_value=[object], source=unknown"}
{"logTime": "0928/173844", "level": "INFO", "message": "Preference changed: name=sync.transport_data_per_account, new_value=[object], source=unknown"}
{"logTime": "0928/173854", "level": "INFO", "message": "PrefStore write completed: store=4, success=true"}
{"logTime": "0928/175054", "level": "INFO", "message": "Preference changed: name=profile.exit_type, new_value=\"Normal\", source=unknown"}
{"logTime": "0928/175054", "level": "INFO", "message": "Preference changed: name=sessions.event_log, new_value=[object], source=unknown"}
{"logTime": "0928/175054", "level": "INFO", "message": "Preference changed: name=sessions.session_data_status, new_value=5, source=unknown"}
{"logTime": "0928/175054", "level": "INFO", "message": "Preference changed: name=browser.time_of_last_normal_window_close, new_value=\"13435091454739311\", source=unknown"}
{"logTime": "0928/175054", "level": "INFO", "message": "Preference changed: name=profile.content_settings.exceptions.media_engagement, new_value=[object], source=unknown"}
{"logTime": "0928/175054", "level": "INFO", "message": "Preference changed: name=browser.time_of_last_normal_window_close, new_value=\"13435091454780277\", source=unknown"}
{"logTime": "0928/175054", "level": "INFO", "message": "Preference changed: name=browser.window_placement, new_value=[object], source=unknown"}
{"logTime": "0928/175054", "level": "INFO", "message": "Preference changed: name=browser.window_placement, new_value=[object], source=unknown"}
